idx,decision,type,displayName,semanticName,file,url,tosKey,width,height,bytes,sha16,bucket,tags,usageNotes,exclusionCategory,exclusionReason
1,include,icon,飞书招聘应用图标,feishu-hire-app-icon,007c9627af7e0fe8.png,https://magic-builder.tos-cn-beijing.volces.com/gtm/pptx-media/v1/icons/feishu-hire-app-icon-f745f43f.png,gtm/pptx-media/v1/icons/feishu-hire-app-icon-f745f43f.png,788,788,38609,f745f43f46d23703,large-icon-or-logo-candidate,feishu|hire|app|icon|app-icon,用于 GTM 材料中的功能点、流程、能力或状态表达；优先搭配短标题使用。,,
2,include,icon,安全锁,lock-security-line,0081b693f8e229dc.png,https://magic-builder.tos-cn-beijing.volces.com/gtm/pptx-media/v1/icons/lock-security-line-fe919930.png,gtm/pptx-media/v1/icons/lock-security-line-fe919930.png,96,96,1620,fe919930175ecd2a,icon-candidate,lock|security|line,用于 GTM 材料中的功能点、流程、能力或状态表达；优先搭配短标题使用。,,
3,include,icon,云文档应用图标,document-cloud-app-icon,00ad799ca0f5b0f9.png,https://magic-builder.tos-cn-beijing.volces.com/gtm/pptx-media/v1/icons/document-cloud-app-icon-9fda45d7.png,gtm/pptx-media/v1/icons/document-cloud-app-icon-9fda45d7.png,784,784,28989,9fda45d75d6e70f0,large-icon-or-logo-candidate,document|cloud|app|icon|app-icon,用于 GTM 材料中的功能点、流程、能力或状态表达；优先搭配短标题使用。,,
4,include,icon,办公楼,office-building-line,00b007938d7b80bd.png,https://magic-builder.tos-cn-beijing.volces.com/gtm/pptx-media/v1/icons/office-building-line-0009b008.png,gtm/pptx-media/v1/icons/office-building-line-0009b008.png,96,96,1172,0009b008321b3993,icon-candidate,office|building|line,用于 GTM 材料中的功能点、流程、能力或状态表达；优先搭配短标题使用。,,
5,exclude,excluded,other-image,other-image,0155f5e8fed3b5ec.png,,,2164,1696,126559,b497139868cc33a3,other-candidate,other-image,,other-image,当前不纳入：更像截图、背景、照片、营销文案或装饰元素，不属于本轮 icon/logo 池。
6,include,icon,柱状图,bar-chart-line,015725b38d8cbe66.png,https://magic-builder.tos-cn-beijing.volces.com/gtm/pptx-media/v1/icons/bar-chart-line-f86c74ae.png,gtm/pptx-media/v1/icons/bar-chart-line-f86c74ae.png,96,96,901,f86c74aeea7736d4,icon-candidate,bar|chart|line,用于 GTM 材料中的功能点、流程、能力或状态表达；优先搭配短标题使用。,,
7,include,icon,飞书 AnyCross 应用图标,feishu-anycross-app-icon-large,019f6500aa3ac44c.png,https://magic-builder.tos-cn-beijing.volces.com/gtm/pptx-media/v1/icons/feishu-anycross-app-icon-large-c631e5b1.png,gtm/pptx-media/v1/icons/feishu-anycross-app-icon-large-c631e5b1.png,784,784,31902,c631e5b1a608138b,large-icon-or-logo-candidate,feishu|anycross|app|icon|large|app-icon,用于 GTM 材料中的功能点、流程、能力或状态表达；优先搭配短标题使用。,,
8,exclude,excluded,other-image,other-image,02a17cc4064075db.png,,,1416,1010,394770,85355e45e000f789,other-candidate,other-image,,other-image,当前不纳入：更像截图、背景、照片、营销文案或装饰元素，不属于本轮 icon/logo 池。
9,include,icon,盾牌确认应用图标,shield-check-app-icon,02bc9c904821ed62.png,https://magic-builder.tos-cn-beijing.volces.com/gtm/pptx-media/v1/icons/shield-check-app-icon-cbef5c1b.png,gtm/pptx-media/v1/icons/shield-check-app-icon-cbef5c1b.png,784,784,37287,cbef5c1b7d6de83c,large-icon-or-logo-candidate,shield|check|app|icon|app-icon,用于 GTM 材料中的功能点、流程、能力或状态表达；优先搭配短标题使用。,,
10,exclude,excluded,other-image,other-image,02ff194a6c99225a.png,,,4828,4484,2963144,7c63b5a5b55a5ba4,other-candidate,other-image,,other-image,当前不纳入：更像截图、背景、照片、营销文案或装饰元素，不属于本轮 icon/logo 池。
11,include,icon,组织架构,org-chart-line,039298b1d47d5f5c.png,https://magic-builder.tos-cn-beijing.volces.com/gtm/pptx-media/v1/icons/org-chart-line-2d5723f3.png,gtm/pptx-media/v1/icons/org-chart-line-2d5723f3.png,96,96,988,2d5723f386820e8a,icon-candidate,org|chart|line,用于 GTM 材料中的功能点、流程、能力或状态表达；优先搭配短标题使用。,,
12,exclude,excluded,other-image,other-image,03bfceac5459f168.jpg,,,5760,3240,2114874,c1ff5c664384104a,other-candidate,other-image,,other-image,当前不纳入：更像截图、背景、照片、营销文案或装饰元素，不属于本轮 icon/logo 池。
13,include,icon,图层应用图标,stack-layers-app-icon,0558f754dba3bfdf.png,https://magic-builder.tos-cn-beijing.volces.com/gtm/pptx-media/v1/icons/stack-layers-app-icon-78185a14.png,gtm/pptx-media/v1/icons/stack-layers-app-icon-78185a14.png,788,788,37763,78185a14a429b473,large-icon-or-logo-candidate,stack|layers|app|icon|app-icon,用于 GTM 材料中的功能点、流程、能力或状态表达；优先搭配短标题使用。,,
14,include,icon,循环刷新,sync-refresh-line,059e3fbf526f097c.png,https://magic-builder.tos-cn-beijing.volces.com/gtm/pptx-media/v1/icons/sync-refresh-line-019a04cb.png,gtm/pptx-media/v1/icons/sync-refresh-line-019a04cb.png,96,96,1706,019a04cbb797da01,icon-candidate,sync|refresh|line,用于 GTM 材料中的功能点、流程、能力或状态表达；优先搭配短标题使用。,,
15,exclude,excluded,large-non-reusable,large-non-reusable,0606bba5fec31d6a.png,,,371,371,152498,4f3c672db1811ff3,large-icon-or-logo-candidate,large-non-reusable,,large-non-reusable,当前不纳入：更像人物头像、食物/实物照片或非通用大图。
16,include,logo,飞书知识问答 M3,feishu-knowledge-ai-m3-logo,0749c41196e45f5d.png,https://magic-builder.tos-cn-beijing.volces.com/gtm/pptx-media/v1/logos/feishu-knowledge-ai-m3-logo-25a78cdf.png,gtm/pptx-media/v1/logos/feishu-knowledge-ai-m3-logo-25a78cdf.png,3034,735,229716,25a78cdf4e3c94ad,logo-candidate,feishu|knowledge|ai|m3|logo,用于 GTM 材料中的产品、客户或伙伴标识引用；不要拉伸变形，优先保留透明背景。,,
17,include,logo,Feishu,feishu-logo-en,08bf3a9e90ef777f.png,https://magic-builder.tos-cn-beijing.volces.com/gtm/pptx-media/v1/logos/feishu-logo-en-0ff6c1a4.png,gtm/pptx-media/v1/logos/feishu-logo-en-0ff6c1a4.png,1235,418,16618,0ff6c1a46abf6458,logo-candidate,feishu|logo|en,用于 GTM 材料中的产品、客户或伙伴标识引用；不要拉伸变形，优先保留透明背景。,,
18,exclude,excluded,large-non-reusable,large-non-reusable,0955a6ce25efe281.png,,,371,371,121613,a90cab6f561e82a9,large-icon-or-logo-candidate,large-non-reusable,,large-non-reusable,当前不纳入：更像人物头像、食物/实物照片或非通用大图。
19,include,icon,连接插头,plug-connection-line,0985820158633f16.png,https://magic-builder.tos-cn-beijing.volces.com/gtm/pptx-media/v1/icons/plug-connection-line-8a0fde4d.png,gtm/pptx-media/v1/icons/plug-connection-line-8a0fde4d.png,96,96,1592,8a0fde4d21c59d8a,icon-candidate,plug|connection|line,用于 GTM 材料中的功能点、流程、能力或状态表达；优先搭配短标题使用。,,
20,include,icon,用户头像,user-profile-line,0ac4a972380156a6.png,https://magic-builder.tos-cn-beijing.volces.com/gtm/pptx-media/v1/icons/user-profile-line-18c05640.png,gtm/pptx-media/v1/icons/user-profile-line-18c05640.png,96,96,1830,18c0564053afbd6f,icon-candidate,user|profile|line,用于 GTM 材料中的功能点、流程、能力或状态表达；优先搭配短标题使用。,,
21,include,icon,集成交叉,cross-integration-line,0b4c0d3891f4dd34.png,https://magic-builder.tos-cn-beijing.volces.com/gtm/pptx-media/v1/icons/cross-integration-line-f334ad05.png,gtm/pptx-media/v1/icons/cross-integration-line-f334ad05.png,96,96,1680,f334ad050fe8575e,icon-candidate,cross|integration|line,用于 GTM 材料中的功能点、流程、能力或状态表达；优先搭配短标题使用。,,
22,include,icon,数据与用户,data-user-line,0d8c4d5e4fb2af64.png,https://magic-builder.tos-cn-beijing.volces.com/gtm/pptx-media/v1/icons/data-user-line-f8090d56.png,gtm/pptx-media/v1/icons/data-user-line-f8090d56.png,96,96,2129,f8090d56006b61fb,icon-candidate,data|user|line,用于 GTM 材料中的功能点、流程、能力或状态表达；优先搭配短标题使用。,,
23,exclude,excluded,other-image,other-image,0e0837affdf09225.png,,,190,224,1293,d9f646911f6d81b5,other-candidate,other-image,,other-image,当前不纳入：更像截图、背景、照片、营销文案或装饰元素，不属于本轮 icon/logo 池。
24,include,icon,六边形图表,hexagon-chart-line,0e84cc002d656b8d.png,https://magic-builder.tos-cn-beijing.volces.com/gtm/pptx-media/v1/icons/hexagon-chart-line-dd5b8653.png,gtm/pptx-media/v1/icons/hexagon-chart-line-dd5b8653.png,96,96,1365,dd5b8653e27dd107,icon-candidate,hexagon|chart|line,用于 GTM 材料中的功能点、流程、能力或状态表达；优先搭配短标题使用。,,
25,include,icon,数据库,database-line,0f9f6f7f863e2558.png,https://magic-builder.tos-cn-beijing.volces.com/gtm/pptx-media/v1/icons/database-line-329d821c.png,gtm/pptx-media/v1/icons/database-line-329d821c.png,96,96,2045,329d821c3a29142e,icon-candidate,database|line,用于 GTM 材料中的功能点、流程、能力或状态表达；优先搭配短标题使用。,,
26,exclude,excluded,other-image,other-image,1307195857c1c165.png,,,4004,2642,4394339,ef7050c83b9bfe56,other-candidate,other-image,,other-image,当前不纳入：更像截图、背景、照片、营销文案或装饰元素，不属于本轮 icon/logo 池。
27,include,logo,飞书 AI,feishu-ai-logo-cn,14cfd839ad465a63.png,https://magic-builder.tos-cn-beijing.volces.com/gtm/pptx-media/v1/logos/feishu-ai-logo-cn-7d74d4f8.png,gtm/pptx-media/v1/logos/feishu-ai-logo-cn-7d74d4f8.png,1185,417,89180,7d74d4f8bdda120d,logo-candidate,feishu|ai|logo|cn,用于 GTM 材料中的产品、客户或伙伴标识引用；不要拉伸变形，优先保留透明背景。,,
28,include,icon,目标命中,target-arrow-line,152dadcf7e952d4e.png,https://magic-builder.tos-cn-beijing.volces.com/gtm/pptx-media/v1/icons/target-arrow-line-87cfdba8.png,gtm/pptx-media/v1/icons/target-arrow-line-87cfdba8.png,96,96,2210,87cfdba803de4d41,icon-candidate,target|arrow|line,用于 GTM 材料中的功能点、流程、能力或状态表达；优先搭配短标题使用。,,
29,exclude,excluded,large-non-reusable,large-non-reusable,1680a7cb41534c7c.png,,,370,371,115065,fb159d7d9c58685c,large-icon-or-logo-candidate,large-non-reusable,,large-non-reusable,当前不纳入：更像人物头像、食物/实物照片或非通用大图。
30,exclude,excluded,metric-text,metric-text,1694bc1d8cd2a0fb.png,,,883,188,8875,42e9b6d51c9944b3,logo-candidate,metric-text,,metric-text,指标文字，不作为可复用 logo
31,include,icon,增长图表,growth-chart-line,16a4761efc8c063f.png,https://magic-builder.tos-cn-beijing.volces.com/gtm/pptx-media/v1/icons/growth-chart-line-e544f049.png,gtm/pptx-media/v1/icons/growth-chart-line-e544f049.png,96,96,1570,e544f0499002926b,icon-candidate,growth|chart|line,用于 GTM 材料中的功能点、流程、能力或状态表达；优先搭配短标题使用。,,
32,include,icon,文档应用图标,document-note-app-icon,197bffb3cd81c93f.png,https://magic-builder.tos-cn-beijing.volces.com/gtm/pptx-media/v1/icons/document-note-app-icon-8831291a.png,gtm/pptx-media/v1/icons/document-note-app-icon-8831291a.png,788,788,25766,8831291a7a9b6dc1,large-icon-or-logo-candidate,document|note|app|icon|app-icon,用于 GTM 材料中的功能点、流程、能力或状态表达；优先搭配短标题使用。,,
33,exclude,excluded,other-image,other-image,1a371697ae600ace.png,,,16,1140,5319,cbfa08032c52fb04,other-candidate,other-image,,other-image,当前不纳入：更像截图、背景、照片、营销文案或装饰元素，不属于本轮 icon/logo 池。
34,include,icon,选区框,selection-box-line,1dfe6e9880e63abb.png,https://magic-builder.tos-cn-beijing.volces.com/gtm/pptx-media/v1/icons/selection-box-line-7ce64be9.png,gtm/pptx-media/v1/icons/selection-box-line-7ce64be9.png,96,96,1491,7ce64be9ef647c5f,icon-candidate,selection|box|line,用于 GTM 材料中的功能点、流程、能力或状态表达；优先搭配短标题使用。,,
35,include,icon,用户轮廓,user-silhouette-line,1ec0487b12e47ba3.png,https://magic-builder.tos-cn-beijing.volces.com/gtm/pptx-media/v1/icons/user-silhouette-line-c904a88a.png,gtm/pptx-media/v1/icons/user-silhouette-line-c904a88a.png,96,96,1612,c904a88a58a0510c,icon-candidate,user|silhouette|line,用于 GTM 材料中的功能点、流程、能力或状态表达；优先搭配短标题使用。,,
36,include,logo,飞书深色字标,feishu-logo-cn-dark,1f910f6c8f80b9c1.png,https://magic-builder.tos-cn-beijing.volces.com/gtm/pptx-media/v1/logos/feishu-logo-cn-dark-9754923f.png,gtm/pptx-media/v1/logos/feishu-logo-cn-dark-9754923f.png,1034,326,14139,9754923fb89d51c7,logo-candidate,feishu|logo|cn|dark,用于 GTM 材料中的产品、客户或伙伴标识引用；不要拉伸变形，优先保留透明背景。,,
37,include,icon,文档笔记,document-note-solid,1f9e13756ae21f1e.png,https://magic-builder.tos-cn-beijing.volces.com/gtm/pptx-media/v1/icons/document-note-solid-2dc9183a.png,gtm/pptx-media/v1/icons/document-note-solid-2dc9183a.png,96,96,1616,2dc9183a82cb0712,icon-candidate,document|note|solid|line,用于 GTM 材料中的功能点、流程、能力或状态表达；优先搭配短标题使用。,,
38,include,logo,飞书知识问答 M3,feishu-knowledge-ai-m3-logo-alt,218fa5b929300c78.png,https://magic-builder.tos-cn-beijing.volces.com/gtm/pptx-media/v1/logos/feishu-knowledge-ai-m3-logo-alt-8057a7d5.png,gtm/pptx-media/v1/logos/feishu-knowledge-ai-m3-logo-alt-8057a7d5.png,2235,417,106718,8057a7d50f13fb87,logo-candidate,feishu|knowledge|ai|m3|logo|alt,用于 GTM 材料中的产品、客户或伙伴标识引用；不要拉伸变形，优先保留透明背景。,,
39,include,icon,团队广播,team-broadcast-line,221b6d1eb7e63021.png,https://magic-builder.tos-cn-beijing.volces.com/gtm/pptx-media/v1/icons/team-broadcast-line-1a611e51.png,gtm/pptx-media/v1/icons/team-broadcast-line-1a611e51.png,96,96,1784,1a611e51e5ac39ca,icon-candidate,team|broadcast|line,用于 GTM 材料中的功能点、流程、能力或状态表达；优先搭配短标题使用。,,
40,include,icon,流程节点,workflow-nodes-line,2351aaabe2f614e8.png,https://magic-builder.tos-cn-beijing.volces.com/gtm/pptx-media/v1/icons/workflow-nodes-line-065087a1.png,gtm/pptx-media/v1/icons/workflow-nodes-line-065087a1.png,96,96,1698,065087a105e345e5,icon-candidate,workflow|nodes|line,用于 GTM 材料中的功能点、流程、能力或状态表达；优先搭配短标题使用。,,
41,include,icon,绿色确认大图标,check-green-solid-large,254ef41520870317.png,https://magic-builder.tos-cn-beijing.volces.com/gtm/pptx-media/v1/icons/check-green-solid-large-c8b131e6.png,gtm/pptx-media/v1/icons/check-green-solid-large-c8b131e6.png,580,580,286311,c8b131e6b46a219b,large-icon-or-logo-candidate,check|green|solid|large|app-icon,用于 GTM 材料中的功能点、流程、能力或状态表达；优先搭配短标题使用。,,
42,include,icon,蓝紫确认图标,checkmark-purple-blue-solid,25722f297895d4ae.png,https://magic-builder.tos-cn-beijing.volces.com/gtm/pptx-media/v1/icons/checkmark-purple-blue-solid-64970090.png,gtm/pptx-media/v1/icons/checkmark-purple-blue-solid-64970090.png,1024,1024,39333,649700903df74a17,large-icon-or-logo-candidate,checkmark|purple|blue|solid|app-icon,用于 GTM 材料中的功能点、流程、能力或状态表达；优先搭配短标题使用。,,
43,include,logo,Feishu Spark Preview,feishu-spark-preview-logo,2593e92000a220ec.png,https://magic-builder.tos-cn-beijing.volces.com/gtm/pptx-media/v1/logos/feishu-spark-preview-logo-5b6af8c2.png,gtm/pptx-media/v1/logos/feishu-spark-preview-logo-5b6af8c2.png,2333,418,46717,5b6af8c20d9eb8c4,logo-candidate,feishu|spark|preview|logo,用于 GTM 材料中的产品、客户或伙伴标识引用；不要拉伸变形，优先保留透明背景。,,
44,exclude,excluded,other-image,other-image,262580914d0cb8e0.png,,,1264,1517,2494679,3f890e1107ad2d97,other-candidate,other-image,,other-image,当前不纳入：更像截图、背景、照片、营销文案或装饰元素，不属于本轮 icon/logo 池。
45,include,icon,路径切换,switch-path-line,269b73e502bb726c.png,https://magic-builder.tos-cn-beijing.volces.com/gtm/pptx-media/v1/icons/switch-path-line-8daa4a30.png,gtm/pptx-media/v1/icons/switch-path-line-8daa4a30.png,96,96,1398,8daa4a3092aeee2b,icon-candidate,switch|path|line,用于 GTM 材料中的功能点、流程、能力或状态表达；优先搭配短标题使用。,,
46,include,icon,消息气泡,chat-message-line,274841c034e38a03.png,https://magic-builder.tos-cn-beijing.volces.com/gtm/pptx-media/v1/icons/chat-message-line-5dec8a82.png,gtm/pptx-media/v1/icons/chat-message-line-5dec8a82.png,96,96,957,5dec8a827bd85d16,icon-candidate,chat|message|line,用于 GTM 材料中的功能点、流程、能力或状态表达；优先搭配短标题使用。,,
47,exclude,excluded,other-image,other-image,293269c2527f61ae.png,,,5697,3145,178479,74f45af487d5b153,other-candidate,other-image,,other-image,当前不纳入：更像截图、背景、照片、营销文案或装饰元素，不属于本轮 icon/logo 池。
48,include,icon,话题消息,hashtag-chat-line,2a1d158b6e98428f.png,https://magic-builder.tos-cn-beijing.volces.com/gtm/pptx-media/v1/icons/hashtag-chat-line-05e596d8.png,gtm/pptx-media/v1/icons/hashtag-chat-line-05e596d8.png,96,96,2178,05e596d825a0a6be,icon-candidate,hashtag|chat|line,用于 GTM 材料中的功能点、流程、能力或状态表达；优先搭配短标题使用。,,
49,exclude,excluded,other-image,other-image,2b798c99a0609e29.jpeg,,,427,263,41505,d5345b4242e112ec,other-candidate,other-image,,other-image,当前不纳入：更像截图、背景、照片、营销文案或装饰元素，不属于本轮 icon/logo 池。
50,include,icon,橙色波形应用图标,orange-wave-app-icon,2bf6f9b662ff534e.png,https://magic-builder.tos-cn-beijing.volces.com/gtm/pptx-media/v1/icons/orange-wave-app-icon-f83dddb3.png,gtm/pptx-media/v1/icons/orange-wave-app-icon-f83dddb3.png,784,788,29668,f83dddb3009f2861,large-icon-or-logo-candidate,orange|wave|app|icon|app-icon,用于 GTM 材料中的功能点、流程、能力或状态表达；优先搭配短标题使用。,,
51,include,logo,Feishu People,feishu-people-logo-en,2d2b36c2ee485ac7.png,https://magic-builder.tos-cn-beijing.volces.com/gtm/pptx-media/v1/logos/feishu-people-logo-en-fe170e8b.png,gtm/pptx-media/v1/logos/feishu-people-logo-en-fe170e8b.png,2003,418,26000,fe170e8bba7a72be,logo-candidate,feishu|people|logo|en,用于 GTM 材料中的产品、客户或伙伴标识引用；不要拉伸变形，优先保留透明背景。,,
52,exclude,excluded,other-image,other-image,2e10cadf46d95b5f.png,,,11117,1214,175751,c5fad7698a7430a1,other-candidate,other-image,,other-image,当前不纳入：更像截图、背景、照片、营销文案或装饰元素，不属于本轮 icon/logo 池。
53,include,icon,团队层级,team-hierarchy-line,2fe88ce0dd93a4b2.png,https://magic-builder.tos-cn-beijing.volces.com/gtm/pptx-media/v1/icons/team-hierarchy-line-8a082731.png,gtm/pptx-media/v1/icons/team-hierarchy-line-8a082731.png,96,96,1827,8a082731286701c8,icon-candidate,team|hierarchy|line,用于 GTM 材料中的功能点、流程、能力或状态表达；优先搭配短标题使用。,,
54,include,logo,飞书,feishu-logo-cn,306e3e3f8fc9e59b.png,https://magic-builder.tos-cn-beijing.volces.com/gtm/pptx-media/v1/logos/feishu-logo-cn-93c15b8b.png,gtm/pptx-media/v1/logos/feishu-logo-cn-93c15b8b.png,932,418,13309,93c15b8b9c9c996b,logo-candidate,feishu|logo|cn,用于 GTM 材料中的产品、客户或伙伴标识引用；不要拉伸变形，优先保留透明背景。,,
55,include,icon,连接路径,route-connector-line,32ec464138375dbe.png,https://magic-builder.tos-cn-beijing.volces.com/gtm/pptx-media/v1/icons/route-connector-line-bb35be2d.png,gtm/pptx-media/v1/icons/route-connector-line-bb35be2d.png,96,96,1611,bb35be2d5f5661f8,icon-candidate,route|connector|line,用于 GTM 材料中的功能点、流程、能力或状态表达；优先搭配短标题使用。,,
56,exclude,excluded,other-image,other-image,33198493b017095a.png,,,23,190,3431,69a90241c0773a9c,other-candidate,other-image,,other-image,当前不纳入：更像截图、背景、照片、营销文案或装饰元素，不属于本轮 icon/logo 池。
57,include,logo,飞书集成平台,feishu-integration-platform-logo,33c6da4f7a6f63d2.png,https://magic-builder.tos-cn-beijing.volces.com/gtm/pptx-media/v1/logos/feishu-integration-platform-logo-619cc495.png,gtm/pptx-media/v1/logos/feishu-integration-platform-logo-619cc495.png,1913,418,25179,619cc4954c0fac6a,logo-candidate,feishu|integration|platform|logo,用于 GTM 材料中的产品、客户或伙伴标识引用；不要拉伸变形，优先保留透明背景。,,
58,include,logo,Feishu Hire,feishu-hire-logo-en,346c5453de44f9eb.png,https://magic-builder.tos-cn-beijing.volces.com/gtm/pptx-media/v1/logos/feishu-hire-logo-en-a0c1376f.png,gtm/pptx-media/v1/logos/feishu-hire-logo-en-a0c1376f.png,1771,418,21829,a0c1376f8ec351ea,logo-candidate,feishu|hire|logo|en,用于 GTM 材料中的产品、客户或伙伴标识引用；不要拉伸变形，优先保留透明背景。,,
59,include,icon,购物车,shopping-cart-line,3697b3f2edc44ee9.png,https://magic-builder.tos-cn-beijing.volces.com/gtm/pptx-media/v1/icons/shopping-cart-line-e4af71b5.png,gtm/pptx-media/v1/icons/shopping-cart-line-e4af71b5.png,96,96,1433,e4af71b5b3601c4f,icon-candidate,shopping|cart|line,用于 GTM 材料中的功能点、流程、能力或状态表达；优先搭配短标题使用。,,
60,include,icon,奖杯,trophy-line,38134e9b2e811efa.png,https://magic-builder.tos-cn-beijing.volces.com/gtm/pptx-media/v1/icons/trophy-line-707e9a00.png,gtm/pptx-media/v1/icons/trophy-line-707e9a00.png,96,96,1494,707e9a00ec794017,icon-candidate,trophy|line,用于 GTM 材料中的功能点、流程、能力或状态表达；优先搭配短标题使用。,,
61,include,icon,搜索,search-magnifier-line,38c49b3cea755150.png,https://magic-builder.tos-cn-beijing.volces.com/gtm/pptx-media/v1/icons/search-magnifier-line-b9818c68.png,gtm/pptx-media/v1/icons/search-magnifier-line-b9818c68.png,96,97,4621,b9818c68b1b36984,icon-candidate,search|magnifier|line,用于 GTM 材料中的功能点、流程、能力或状态表达；优先搭配短标题使用。,,
62,include,logo,飞书妙记深色字标,feishu-minutes-logo-cn-dark,3904b80d255a1608.png,https://magic-builder.tos-cn-beijing.volces.com/gtm/pptx-media/v1/logos/feishu-minutes-logo-cn-dark-a076d491.png,gtm/pptx-media/v1/logos/feishu-minutes-logo-cn-dark-a076d491.png,2168,543,79747,a076d49128c25aae,logo-candidate,feishu|minutes|logo|cn|dark,用于 GTM 材料中的产品、客户或伙伴标识引用；不要拉伸变形，优先保留透明背景。,,
63,include,icon,双消息气泡,chat-bubbles-line,397fe590b39154b4.png,https://magic-builder.tos-cn-beijing.volces.com/gtm/pptx-media/v1/icons/chat-bubbles-line-246fc7cc.png,gtm/pptx-media/v1/icons/chat-bubbles-line-246fc7cc.png,96,96,1193,246fc7ccae1b9b39,icon-candidate,chat|bubbles|line,用于 GTM 材料中的功能点、流程、能力或状态表达；优先搭配短标题使用。,,
64,include,logo,飞书妙搭预览,feishu-minutes-preview-logo-cn,3acfb7fc5171ce0e.png,https://magic-builder.tos-cn-beijing.volces.com/gtm/pptx-media/v1/logos/feishu-minutes-preview-logo-cn-90609ea0.png,gtm/pptx-media/v1/logos/feishu-minutes-preview-logo-cn-90609ea0.png,1760,418,42888,90609ea04c99fb0d,logo-candidate,feishu|minutes|preview|logo|cn,用于 GTM 材料中的产品、客户或伙伴标识引用；不要拉伸变形，优先保留透明背景。,,
65,exclude,excluded,other-image,other-image,3b2fc3af7fbf2dd2.png,,,3332,4804,754737,dc320b8bc3d1b59a,other-candidate,other-image,,other-image,当前不纳入：更像截图、背景、照片、营销文案或装饰元素，不属于本轮 icon/logo 池。
66,include,logo,飞书 aPaaS,feishu-apaas-logo-cn,3b957b1496c9b927.png,https://magic-builder.tos-cn-beijing.volces.com/gtm/pptx-media/v1/logos/feishu-apaas-logo-cn-73eac58c.png,gtm/pptx-media/v1/logos/feishu-apaas-logo-cn-73eac58c.png,1681,417,43234,73eac58c17b549a6,logo-candidate,feishu|apaas|logo|cn,用于 GTM 材料中的产品、客户或伙伴标识引用；不要拉伸变形，优先保留透明背景。,,
67,include,icon,立方体,cube-box-line,3dcaf1285290267a.png,https://magic-builder.tos-cn-beijing.volces.com/gtm/pptx-media/v1/icons/cube-box-line-ab647a1c.png,gtm/pptx-media/v1/icons/cube-box-line-ab647a1c.png,96,96,1581,ab647a1cb64218cc,icon-candidate,cube|box|line,用于 GTM 材料中的功能点、流程、能力或状态表达；优先搭配短标题使用。,,
68,include,icon,链接,chain-link-line,410cc507df1e03cf.png,https://magic-builder.tos-cn-beijing.volces.com/gtm/pptx-media/v1/icons/chain-link-line-c36a0536.png,gtm/pptx-media/v1/icons/chain-link-line-c36a0536.png,96,96,1514,c36a05369efbb5f9,icon-candidate,chain|link|line,用于 GTM 材料中的功能点、流程、能力或状态表达；优先搭配短标题使用。,,
69,exclude,excluded,other-image,other-image,4554ef58edfc89d1.png,,,5252,1643,367354,54dda2e2e40a42e4,other-candidate,other-image,,other-image,当前不纳入：更像截图、背景、照片、营销文案或装饰元素，不属于本轮 icon/logo 池。
70,include,icon,分析窗口,analytics-window-line,45f88bb9977acc63.png,https://magic-builder.tos-cn-beijing.volces.com/gtm/pptx-media/v1/icons/analytics-window-line-7068c1f9.png,gtm/pptx-media/v1/icons/analytics-window-line-7068c1f9.png,96,96,1145,7068c1f99f14915b,icon-candidate,analytics|window|line,用于 GTM 材料中的功能点、流程、能力或状态表达；优先搭配短标题使用。,,
71,include,icon,分支节点,branch-node-line,47185783db7b73e3.png,https://magic-builder.tos-cn-beijing.volces.com/gtm/pptx-media/v1/icons/branch-node-line-7ea0f511.png,gtm/pptx-media/v1/icons/branch-node-line-7ea0f511.png,96,96,1315,7ea0f511418fe5c6,icon-candidate,branch|node|line,用于 GTM 材料中的功能点、流程、能力或状态表达；优先搭配短标题使用。,,
72,exclude,excluded,other-image,other-image,4816de094aaf8f83.png,,,8280,2880,17102021,884e1afde07e8885,other-candidate,other-image,,other-image,当前不纳入：更像截图、背景、照片、营销文案或装饰元素，不属于本轮 icon/logo 池。
73,include,icon,链路,chain-link-alt-line,49da7f3dd752f52b.png,https://magic-builder.tos-cn-beijing.volces.com/gtm/pptx-media/v1/icons/chain-link-alt-line-14f7550f.png,gtm/pptx-media/v1/icons/chain-link-alt-line-14f7550f.png,96,96,1684,14f7550f42d61ac3,icon-candidate,chain|link|alt|line,用于 GTM 材料中的功能点、流程、能力或状态表达；优先搭配短标题使用。,,
74,exclude,excluded,large-non-reusable,large-non-reusable,4a52644458264c9e.png,,,370,371,121283,0d7deb3e59910548,large-icon-or-logo-candidate,large-non-reusable,,large-non-reusable,当前不纳入：更像人物头像、食物/实物照片或非通用大图。
75,include,logo,Feishu Base,feishu-base-logo-en,4cfbf4d0ab64daf4.png,https://magic-builder.tos-cn-beijing.volces.com/gtm/pptx-media/v1/logos/feishu-base-logo-en-9907c50b.png,gtm/pptx-media/v1/logos/feishu-base-logo-en-9907c50b.png,1847,417,24537,9907c50b74a9d789,logo-candidate,feishu|base|logo|en,用于 GTM 材料中的产品、客户或伙伴标识引用；不要拉伸变形，优先保留透明背景。,,
76,include,icon,邮件应用图标,mail-envelope-app-icon,4de48b7a2bc4ba6c.png,https://magic-builder.tos-cn-beijing.volces.com/gtm/pptx-media/v1/icons/mail-envelope-app-icon-82a6e195.png,gtm/pptx-media/v1/icons/mail-envelope-app-icon-82a6e195.png,784,784,26580,82a6e1956c6b79dc,large-icon-or-logo-candidate,mail|envelope|app|icon|app-icon,用于 GTM 材料中的功能点、流程、能力或状态表达；优先搭配短标题使用。,,
77,include,icon,数据库锁,database-lock-line,4e674d95af6566e1.png,https://magic-builder.tos-cn-beijing.volces.com/gtm/pptx-media/v1/icons/database-lock-line-85b88c18.png,gtm/pptx-media/v1/icons/database-lock-line-85b88c18.png,96,96,1850,85b88c18df635843,icon-candidate,database|lock|line,用于 GTM 材料中的功能点、流程、能力或状态表达；优先搭配短标题使用。,,
78,include,logo,飞书 aily M3,feishu-aily-m3-logo-cn,4f4afc2549aa721c.png,https://magic-builder.tos-cn-beijing.volces.com/gtm/pptx-media/v1/logos/feishu-aily-m3-logo-cn-1ef33fb5.png,gtm/pptx-media/v1/logos/feishu-aily-m3-logo-cn-1ef33fb5.png,3034,735,144689,1ef33fb56fada52d,logo-candidate,feishu|aily|m3|logo|cn,用于 GTM 材料中的产品、客户或伙伴标识引用；不要拉伸变形，优先保留透明背景。,,
79,include,icon,视频应用图标,video-camera-app-icon,4fd246f92ff8af99.png,https://magic-builder.tos-cn-beijing.volces.com/gtm/pptx-media/v1/icons/video-camera-app-icon-738458f6.png,gtm/pptx-media/v1/icons/video-camera-app-icon-738458f6.png,784,788,27706,738458f6095f46c1,large-icon-or-logo-candidate,video|camera|app|icon|app-icon,用于 GTM 材料中的功能点、流程、能力或状态表达；优先搭配短标题使用。,,
80,include,icon,卡片应用图标,stack-cards-app-icon,5155306be12707a8.png,https://magic-builder.tos-cn-beijing.volces.com/gtm/pptx-media/v1/icons/stack-cards-app-icon-069e9fb0.png,gtm/pptx-media/v1/icons/stack-cards-app-icon-069e9fb0.png,784,784,31294,069e9fb0618edd1d,large-icon-or-logo-candidate,stack|cards|app|icon|app-icon,用于 GTM 材料中的功能点、流程、能力或状态表达；优先搭配短标题使用。,,
81,exclude,excluded,other-image,other-image,528b09fad3e307bb.png,,,190,224,1258,1ba6ebabec8286de,other-candidate,other-image,,other-image,当前不纳入：更像截图、背景、照片、营销文案或装饰元素，不属于本轮 icon/logo 池。
82,include,logo,烤匠麻辣烤鱼,kaojiang-logo,55adb414daa2a42b.png,https://magic-builder.tos-cn-beijing.volces.com/gtm/pptx-media/v1/logos/kaojiang-logo-e8bc7318.png,gtm/pptx-media/v1/logos/kaojiang-logo-e8bc7318.png,442,149,6652,e8bc73186e8b1bba,logo-candidate,kaojiang|logo,用于 GTM 材料中的产品、客户或伙伴标识引用；不要拉伸变形，优先保留透明背景。,,
83,include,icon,设置齿轮,settings-gear-line,569668d9d0f33387.png,https://magic-builder.tos-cn-beijing.volces.com/gtm/pptx-media/v1/icons/settings-gear-line-8de1314a.png,gtm/pptx-media/v1/icons/settings-gear-line-8de1314a.png,96,96,2128,8de1314a75004a75,icon-candidate,settings|gear|line,用于 GTM 材料中的功能点、流程、能力或状态表达；优先搭配短标题使用。,,
84,include,icon,同步刷新,refresh-sync-line,56cdfd9d3d5a7cdf.png,https://magic-builder.tos-cn-beijing.volces.com/gtm/pptx-media/v1/icons/refresh-sync-line-ba6517cf.png,gtm/pptx-media/v1/icons/refresh-sync-line-ba6517cf.png,96,96,1595,ba6517cf5c156c2c,icon-candidate,refresh|sync|line,用于 GTM 材料中的功能点、流程、能力或状态表达；优先搭配短标题使用。,,
85,include,icon,门店,storefront-line,57435b10d51be8ad.png,https://magic-builder.tos-cn-beijing.volces.com/gtm/pptx-media/v1/icons/storefront-line-b0fcf2a0.png,gtm/pptx-media/v1/icons/storefront-line-b0fcf2a0.png,96,96,1076,b0fcf2a05db73cdd,icon-candidate,storefront|line,用于 GTM 材料中的功能点、流程、能力或状态表达；优先搭配短标题使用。,,
86,include,icon,添加选区,add-focus-line,5773381ab52790fb.png,https://magic-builder.tos-cn-beijing.volces.com/gtm/pptx-media/v1/icons/add-focus-line-ff7e52ed.png,gtm/pptx-media/v1/icons/add-focus-line-ff7e52ed.png,96,96,1099,ff7e52ed5b9f1871,icon-candidate,add|focus|line,用于 GTM 材料中的功能点、流程、能力或状态表达；优先搭配短标题使用。,,
87,include,logo,飞书智能会议纪要 M4,feishu-ai-meeting-minutes-m4-logo-cn,57a9fc797aecd8c6.png,https://magic-builder.tos-cn-beijing.volces.com/gtm/pptx-media/v1/logos/feishu-ai-meeting-minutes-m4-logo-cn-6b2f93c5.png,gtm/pptx-media/v1/logos/feishu-ai-meeting-minutes-m4-logo-cn-6b2f93c5.png,2684,418,47669,6b2f93c51b1e43fa,logo-candidate,feishu|ai|meeting|minutes|m4|logo|cn,用于 GTM 材料中的产品、客户或伙伴标识引用；不要拉伸变形，优先保留透明背景。,,
88,include,icon,翻译对话,translation-chat-line,59bfc32a2191d2b9.png,https://magic-builder.tos-cn-beijing.volces.com/gtm/pptx-media/v1/icons/translation-chat-line-d3e4b7e4.png,gtm/pptx-media/v1/icons/translation-chat-line-d3e4b7e4.png,96,96,1478,d3e4b7e4b6f2fde8,icon-candidate,translation|chat|line,用于 GTM 材料中的功能点、流程、能力或状态表达；优先搭配短标题使用。,,
89,include,icon,告警铃,alert-siren-line,59d8e6f929dfcdaf.png,https://magic-builder.tos-cn-beijing.volces.com/gtm/pptx-media/v1/icons/alert-siren-line-85514750.png,gtm/pptx-media/v1/icons/alert-siren-line-85514750.png,96,96,1316,855147504f0e9b1d,icon-candidate,alert|siren|line,用于 GTM 材料中的功能点、流程、能力或状态表达；优先搭配短标题使用。,,
90,include,icon,上升箭头,up-arrow-circle-line,5b88486e739bbc7b.png,https://magic-builder.tos-cn-beijing.volces.com/gtm/pptx-media/v1/icons/up-arrow-circle-line-4cbae0a1.png,gtm/pptx-media/v1/icons/up-arrow-circle-line-4cbae0a1.png,96,96,2074,4cbae0a1e824f11e,icon-candidate,up|arrow|circle|line,用于 GTM 材料中的功能点、流程、能力或状态表达；优先搭配短标题使用。,,
91,include,icon,宫格布局,grid-layout-line,5be6d8ddee1958d5.png,https://magic-builder.tos-cn-beijing.volces.com/gtm/pptx-media/v1/icons/grid-layout-line-d6666cc8.png,gtm/pptx-media/v1/icons/grid-layout-line-d6666cc8.png,96,96,1509,d6666cc8941bb97c,icon-candidate,grid|layout|line,用于 GTM 材料中的功能点、流程、能力或状态表达；优先搭配短标题使用。,,
92,include,icon,连接线,connector-line,5c77177ba3127208.png,https://magic-builder.tos-cn-beijing.volces.com/gtm/pptx-media/v1/icons/connector-line-ef2b2d8a.png,gtm/pptx-media/v1/icons/connector-line-ef2b2d8a.png,96,96,1695,ef2b2d8a3a248993,icon-candidate,connector|line,用于 GTM 材料中的功能点、流程、能力或状态表达；优先搭配短标题使用。,,
93,include,logo,海底捞,haidilao-logo,5cfa40729e3c636e.png,https://magic-builder.tos-cn-beijing.volces.com/gtm/pptx-media/v1/logos/haidilao-logo-a4edaec6.png,gtm/pptx-media/v1/logos/haidilao-logo-a4edaec6.png,425,199,17041,a4edaec6a1dd8b99,logo-candidate,haidilao|logo,用于 GTM 材料中的产品、客户或伙伴标识引用；不要拉伸变形，优先保留透明背景。,,
94,include,icon,云端确认,cloud-check-line,5cfef117c6af51ea.png,https://magic-builder.tos-cn-beijing.volces.com/gtm/pptx-media/v1/icons/cloud-check-line-0703b156.png,gtm/pptx-media/v1/icons/cloud-check-line-0703b156.png,96,96,1573,0703b156bb23036c,icon-candidate,cloud|check|line,用于 GTM 材料中的功能点、流程、能力或状态表达；优先搭配短标题使用。,,
95,exclude,excluded,other-image,other-image,5ee37433a8567767.png,,,2660,867,709863,5aec626edc683ae6,other-candidate,other-image,,other-image,当前不纳入：更像截图、背景、照片、营销文案或装饰元素，不属于本轮 icon/logo 池。
96,exclude,excluded,large-non-reusable,large-non-reusable,5f59bdda82f52155.png,,,370,371,145848,2508c42d5681b232,large-icon-or-logo-candidate,large-non-reusable,,large-non-reusable,当前不纳入：更像人物头像、食物/实物照片或非通用大图。
97,exclude,excluded,other-image,other-image,5fce6b7a20086ded.png,,,1323,780,929690,0c20ec120bd92272,other-candidate,other-image,,other-image,当前不纳入：更像截图、背景、照片、营销文案或装饰元素，不属于本轮 icon/logo 池。
98,include,logo,Feishu aPaaS,feishu-apaas-logo-en,6094a3077e72335d.png,https://magic-builder.tos-cn-beijing.volces.com/gtm/pptx-media/v1/logos/feishu-apaas-logo-en-558cce60.png,gtm/pptx-media/v1/logos/feishu-apaas-logo-en-558cce60.png,2000,417,45874,558cce60d8fefa51,logo-candidate,feishu|apaas|logo|en,用于 GTM 材料中的产品、客户或伙伴标识引用；不要拉伸变形，优先保留透明背景。,,
99,include,icon,书签,bookmark-line,6126b2089946ea7d.png,https://magic-builder.tos-cn-beijing.volces.com/gtm/pptx-media/v1/icons/bookmark-line-880295c1.png,gtm/pptx-media/v1/icons/bookmark-line-880295c1.png,96,96,1288,880295c116527314,icon-candidate,bookmark|line,用于 GTM 材料中的功能点、流程、能力或状态表达；优先搭配短标题使用。,,
100,include,logo,Feishu AI,feishu-ai-logo-en,628b9ff97a86d46e.png,https://magic-builder.tos-cn-beijing.volces.com/gtm/pptx-media/v1/logos/feishu-ai-logo-en-beb4f540.png,gtm/pptx-media/v1/logos/feishu-ai-logo-en-beb4f540.png,1511,417,93045,beb4f540b9870c58,logo-candidate,feishu|ai|logo|en,用于 GTM 材料中的产品、客户或伙伴标识引用；不要拉伸变形，优先保留透明背景。,,
101,include,icon,沙漏,hourglass-line,62974cee3c7526b4.png,https://magic-builder.tos-cn-beijing.volces.com/gtm/pptx-media/v1/icons/hourglass-line-164ef826.png,gtm/pptx-media/v1/icons/hourglass-line-164ef826.png,96,96,1637,164ef826cf40a484,icon-candidate,hourglass|line,用于 GTM 材料中的功能点、流程、能力或状态表达；优先搭配短标题使用。,,
102,include,logo,Feishu Office,feishu-office-logo-en,629a9a311157f43c.png,https://magic-builder.tos-cn-beijing.volces.com/gtm/pptx-media/v1/logos/feishu-office-logo-en-d7c41322.png,gtm/pptx-media/v1/logos/feishu-office-logo-en-d7c41322.png,1722,418,23784,d7c413222cfcc715,logo-candidate,feishu|office|logo|en,用于 GTM 材料中的产品、客户或伙伴标识引用；不要拉伸变形，优先保留透明背景。,,
103,include,icon,表格应用图标,spreadsheet-app-icon-large,629b68634a5b28df.png,https://magic-builder.tos-cn-beijing.volces.com/gtm/pptx-media/v1/icons/spreadsheet-app-icon-large-1dbfedea.png,gtm/pptx-media/v1/icons/spreadsheet-app-icon-large-1dbfedea.png,788,788,26474,1dbfedea63507697,large-icon-or-logo-candidate,spreadsheet|app|icon|large|app-icon,用于 GTM 材料中的功能点、流程、能力或状态表达；优先搭配短标题使用。,,
104,include,logo,飞书,feishu-logo-cn-blue,64a5ca2b4a3aab78.png,https://magic-builder.tos-cn-beijing.volces.com/gtm/pptx-media/v1/logos/feishu-logo-cn-blue-15d13e24.png,gtm/pptx-media/v1/logos/feishu-logo-cn-blue-15d13e24.png,888,236,21153,15d13e242d3fabe6,logo-candidate,feishu|logo|cn|blue,用于 GTM 材料中的产品、客户或伙伴标识引用；不要拉伸变形，优先保留透明背景。,,
105,include,logo,Feishu AI Meetings,feishu-ai-meetings-logo-en,65d2f061d654acae.png,https://magic-builder.tos-cn-beijing.volces.com/gtm/pptx-media/v1/logos/feishu-ai-meetings-logo-en-9a53dbba.png,gtm/pptx-media/v1/logos/feishu-ai-meetings-logo-en-9a53dbba.png,2620,418,40952,9a53dbba11028129,logo-candidate,feishu|ai|meetings|logo|en,用于 GTM 材料中的产品、客户或伙伴标识引用；不要拉伸变形，优先保留透明背景。,,
106,include,logo,Feishu CoreHR,feishu-corehr-logo-en,6646fc17314ef42a.png,https://magic-builder.tos-cn-beijing.volces.com/gtm/pptx-media/v1/logos/feishu-corehr-logo-en-a37db9d8.png,gtm/pptx-media/v1/logos/feishu-corehr-logo-en-a37db9d8.png,2192,417,26704,a37db9d8acbd7f42,logo-candidate,feishu|corehr|logo|en,用于 GTM 材料中的产品、客户或伙伴标识引用；不要拉伸变形，优先保留透明背景。,,
107,exclude,excluded,other-image,other-image,66e4e414512b5574.png,,,864,7067,93064,ab4911ca53a3eae4,other-candidate,other-image,,other-image,当前不纳入：更像截图、背景、照片、营销文案或装饰元素，不属于本轮 icon/logo 池。
108,include,logo,飞书开发套件,feishu-dev-suite-logo-cn,6763ff489114bf3c.png,https://magic-builder.tos-cn-beijing.volces.com/gtm/pptx-media/v1/logos/feishu-dev-suite-logo-cn-ac81828c.png,gtm/pptx-media/v1/logos/feishu-dev-suite-logo-cn-ac81828c.png,1932,418,26912,ac81828c56dc3772,logo-candidate,feishu|dev|suite|logo|cn,用于 GTM 材料中的产品、客户或伙伴标识引用；不要拉伸变形，优先保留透明背景。,,
109,include,icon,商务用户,business-user-line,67a250c510052d8f.png,https://magic-builder.tos-cn-beijing.volces.com/gtm/pptx-media/v1/icons/business-user-line-e5f5ff62.png,gtm/pptx-media/v1/icons/business-user-line-e5f5ff62.png,96,96,1933,e5f5ff624da6f8e0,icon-candidate,business|user|line,用于 GTM 材料中的功能点、流程、能力或状态表达；优先搭配短标题使用。,,
110,exclude,excluded,other-image,other-image,686657b7b77dbe4b.png,,,4782,2736,2348840,d349b56f1e8fb251,other-candidate,other-image,,other-image,当前不纳入：更像截图、背景、照片、营销文案或装饰元素，不属于本轮 icon/logo 池。
111,include,logo,Feishu aily M3,feishu-aily-m3-logo-en,68c87366f3f2c0f1.png,https://magic-builder.tos-cn-beijing.volces.com/gtm/pptx-media/v1/logos/feishu-aily-m3-logo-en-2b944016.png,gtm/pptx-media/v1/logos/feishu-aily-m3-logo-en-2b944016.png,1983,417,55894,2b944016d1fa72e8,logo-candidate,feishu|aily|m3|logo|en,用于 GTM 材料中的产品、客户或伙伴标识引用；不要拉伸变形，优先保留透明背景。,,
112,include,icon,彩色消息气泡,chat-bubbles-color-icon,693432e14452ee90.png,https://magic-builder.tos-cn-beijing.volces.com/gtm/pptx-media/v1/icons/chat-bubbles-color-icon-7e732a21.png,gtm/pptx-media/v1/icons/chat-bubbles-color-icon-7e732a21.png,808,720,34351,7e732a21f3ae6f52,large-icon-or-logo-candidate,chat|bubbles|color|icon|app-icon,用于 GTM 材料中的功能点、流程、能力或状态表达；优先搭配短标题使用。,,
113,exclude,excluded,other-image,other-image,6ab41e23adc6772b.png,,,3359,2099,2931222,48012bca6615dc4f,other-candidate,other-image,,other-image,当前不纳入：更像截图、背景、照片、营销文案或装饰元素，不属于本轮 icon/logo 池。
114,include,icon,文档搜索,document-search-line,6ab74fdce2f432a7.png,https://magic-builder.tos-cn-beijing.volces.com/gtm/pptx-media/v1/icons/document-search-line-a33c521b.png,gtm/pptx-media/v1/icons/document-search-line-a33c521b.png,96,96,1480,a33c521b4514856c,icon-candidate,document|search|line,用于 GTM 材料中的功能点、流程、能力或状态表达；优先搭配短标题使用。,,
115,exclude,excluded,other-image,other-image,6c091d7547925fae.png,,,2589,1009,686378,72654dbf29759520,other-candidate,other-image,,other-image,当前不纳入：更像截图、背景、照片、营销文案或装饰元素，不属于本轮 icon/logo 池。
116,exclude,excluded,other-image,other-image,6d6a6910c1536ee0.png,,,22,2475,3349,e14c737f8bd7e27e,other-candidate,other-image,,other-image,当前不纳入：更像截图、背景、照片、营销文案或装饰元素，不属于本轮 icon/logo 池。
117,include,icon,飞书会议室应用图标,feishu-meeting-room-app-icon,6d89be707e8e87dd.png,https://magic-builder.tos-cn-beijing.volces.com/gtm/pptx-media/v1/icons/feishu-meeting-room-app-icon-4a3d9a87.png,gtm/pptx-media/v1/icons/feishu-meeting-room-app-icon-4a3d9a87.png,788,788,32365,4a3d9a87875210d0,large-icon-or-logo-candidate,feishu|meeting|room|app|icon|app-icon,用于 GTM 材料中的功能点、流程、能力或状态表达；优先搭配短标题使用。,,
118,include,icon,飞书 AnyCross 方形图标,feishu-anycross-app-icon-square,70261b4ec331edb9.png,https://magic-builder.tos-cn-beijing.volces.com/gtm/pptx-media/v1/icons/feishu-anycross-app-icon-square-f00e7c99.png,gtm/pptx-media/v1/icons/feishu-anycross-app-icon-square-f00e7c99.png,788,788,29582,f00e7c9929ec438e,large-icon-or-logo-candidate,feishu|anycross|app|icon|square|app-icon,用于 GTM 材料中的功能点、流程、能力或状态表达；优先搭配短标题使用。,,
119,include,icon,红色叉号大图标,x-red-solid-large,70f40590943bfa16.png,https://magic-builder.tos-cn-beijing.volces.com/gtm/pptx-media/v1/icons/x-red-solid-large-f80ac00d.png,gtm/pptx-media/v1/icons/x-red-solid-large-f80ac00d.png,580,580,24613,f80ac00dcd675c4b,large-icon-or-logo-candidate,x|red|solid|large|app-icon,用于 GTM 材料中的功能点、流程、能力或状态表达；优先搭配短标题使用。,,
120,exclude,excluded,other-image,other-image,71440ab9c990dcce.png,,,600,300,2472,2ba60619e73a3b14,other-candidate,other-image,,other-image,当前不纳入：更像截图、背景、照片、营销文案或装饰元素，不属于本轮 icon/logo 池。
121,include,logo,飞书 AI 会议,feishu-ai-meeting-logo-cn,727edf778ae14b93.png,https://magic-builder.tos-cn-beijing.volces.com/gtm/pptx-media/v1/logos/feishu-ai-meeting-logo-cn-d30a3428.png,gtm/pptx-media/v1/logos/feishu-ai-meeting-logo-cn-d30a3428.png,1688,417,34763,d30a34287bd90206,logo-candidate,feishu|ai|meeting|logo|cn,用于 GTM 材料中的产品、客户或伙伴标识引用；不要拉伸变形，优先保留透明背景。,,
122,exclude,excluded,large-non-reusable,large-non-reusable,728284ddb37d8746.png,,,371,371,116306,1990a84f9388c8f4,large-icon-or-logo-candidate,large-non-reusable,,large-non-reusable,当前不纳入：更像人物头像、食物/实物照片或非通用大图。
123,include,icon,时钟,clock-line,72b865cb08503d22.png,https://magic-builder.tos-cn-beijing.volces.com/gtm/pptx-media/v1/icons/clock-line-f78cd60f.png,gtm/pptx-media/v1/icons/clock-line-f78cd60f.png,96,96,1898,f78cd60f614c0b86,icon-candidate,clock|line,用于 GTM 材料中的功能点、流程、能力或状态表达；优先搭配短标题使用。,,
124,include,icon,飞书 AnyCross 图标,feishu-anycross-app-icon,7301005f37f21d42.png,https://magic-builder.tos-cn-beijing.volces.com/gtm/pptx-media/v1/icons/feishu-anycross-app-icon-c632a01c.png,gtm/pptx-media/v1/icons/feishu-anycross-app-icon-c632a01c.png,96,96,2356,c632a01cf7bcfd7f,icon-candidate,feishu|anycross|app|icon|line,用于 GTM 材料中的功能点、流程、能力或状态表达；优先搭配短标题使用。,,
125,include,icon,表格应用图标,spreadsheet-app-icon,73244d313c20ed0b.png,https://magic-builder.tos-cn-beijing.volces.com/gtm/pptx-media/v1/icons/spreadsheet-app-icon-117e094c.png,gtm/pptx-media/v1/icons/spreadsheet-app-icon-117e094c.png,96,96,1901,117e094ce403ec05,icon-candidate,spreadsheet|app|icon|line,用于 GTM 材料中的功能点、流程、能力或状态表达；优先搭配短标题使用。,,
126,include,icon,折线图,line-chart-line,73c341f46b9816ce.png,https://magic-builder.tos-cn-beijing.volces.com/gtm/pptx-media/v1/icons/line-chart-line-ad13a048.png,gtm/pptx-media/v1/icons/line-chart-line-ad13a048.png,96,96,1493,ad13a0485a27a3ff,icon-candidate,line|chart,用于 GTM 材料中的功能点、流程、能力或状态表达；优先搭配短标题使用。,,
127,exclude,excluded,other-image,other-image,7423bfddbabf8232.png,,,1697,790,35668,7d462b13619898ab,other-candidate,other-image,,other-image,当前不纳入：更像截图、背景、照片、营销文案或装饰元素，不属于本轮 icon/logo 池。
128,include,icon,钥匙,key-line,744ebf066c8cc432.png,https://magic-builder.tos-cn-beijing.volces.com/gtm/pptx-media/v1/icons/key-line-f064708e.png,gtm/pptx-media/v1/icons/key-line-f064708e.png,96,96,1377,f064708e429d4c9e,icon-candidate,key|line,用于 GTM 材料中的功能点、流程、能力或状态表达；优先搭配短标题使用。,,
129,include,icon,盾牌确认,shield-check-line,748861cbc203d394.png,https://magic-builder.tos-cn-beijing.volces.com/gtm/pptx-media/v1/icons/shield-check-line-8686aa09.png,gtm/pptx-media/v1/icons/shield-check-line-8686aa09.png,96,96,1894,8686aa096161dbda,icon-candidate,shield|check|line,用于 GTM 材料中的功能点、流程、能力或状态表达；优先搭配短标题使用。,,
130,include,icon,飞书人事应用图标,feishu-people-app-icon,7546062c7214735f.png,https://magic-builder.tos-cn-beijing.volces.com/gtm/pptx-media/v1/icons/feishu-people-app-icon-a29bb3d1.png,gtm/pptx-media/v1/icons/feishu-people-app-icon-a29bb3d1.png,784,784,33204,a29bb3d10a55dcf1,large-icon-or-logo-candidate,feishu|people|app|icon|app-icon,用于 GTM 材料中的功能点、流程、能力或状态表达；优先搭配短标题使用。,,
131,include,icon,仪表盘,dashboard-gauge-line,782654115b739b4c.png,https://magic-builder.tos-cn-beijing.volces.com/gtm/pptx-media/v1/icons/dashboard-gauge-line-34425b3a.png,gtm/pptx-media/v1/icons/dashboard-gauge-line-34425b3a.png,96,96,1847,34425b3a5ad42086,icon-candidate,dashboard|gauge|line,用于 GTM 材料中的功能点、流程、能力或状态表达；优先搭配短标题使用。,,
132,include,logo,飞书 aPaaS,feishu-apaas-logo-cn-small,783f624ca78241ef.png,https://magic-builder.tos-cn-beijing.volces.com/gtm/pptx-media/v1/logos/feishu-apaas-logo-cn-small-2407da38.png,gtm/pptx-media/v1/logos/feishu-apaas-logo-cn-small-2407da38.png,927,224,29969,2407da381253f3fb,logo-candidate,feishu|apaas|logo|cn|small,用于 GTM 材料中的产品、客户或伙伴标识引用；不要拉伸变形，优先保留透明背景。,,
133,include,icon,橙色感叹号,exclamation-orange-solid,79537a3295e5735a.png,https://magic-builder.tos-cn-beijing.volces.com/gtm/pptx-media/v1/icons/exclamation-orange-solid-69b17c23.png,gtm/pptx-media/v1/icons/exclamation-orange-solid-69b17c23.png,96,96,2277,69b17c233bed537f,icon-candidate,exclamation|orange|solid|line,用于 GTM 材料中的功能点、流程、能力或状态表达；优先搭配短标题使用。,,
134,exclude,excluded,other-image,other-image,7a6471c1e252259a.png,,,1920,1080,183674,a90942f986914bf4,other-candidate,other-image,,other-image,当前不纳入：更像截图、背景、照片、营销文案或装饰元素，不属于本轮 icon/logo 池。
135,include,logo,飞书多维表格,feishu-base-logo-cn,7abe93b4391fc455.png,https://magic-builder.tos-cn-beijing.volces.com/gtm/pptx-media/v1/logos/feishu-base-logo-cn-e86b64f0.png,gtm/pptx-media/v1/logos/feishu-base-logo-cn-e86b64f0.png,1187,215,35889,e86b64f0575a3266,logo-candidate,feishu|base|logo|cn,用于 GTM 材料中的产品、客户或伙伴标识引用；不要拉伸变形，优先保留透明背景。,,
136,exclude,excluded,other-image,other-image,7b0bdb056d319311.png,,,1803,1803,99563,e89ba67e89f11ca4,other-candidate,other-image,,other-image,当前不纳入：更像截图、背景、照片、营销文案或装饰元素，不属于本轮 icon/logo 池。
137,include,logo,月满大江千层肚火锅,yueman-dajiang-logo,7b3a916b4f85c635.png,https://magic-builder.tos-cn-beijing.volces.com/gtm/pptx-media/v1/logos/yueman-dajiang-logo-5a944ba7.png,gtm/pptx-media/v1/logos/yueman-dajiang-logo-5a944ba7.png,1023,423,50528,5a944ba74799a825,logo-candidate,yueman|dajiang|logo,用于 GTM 材料中的产品、客户或伙伴标识引用；不要拉伸变形，优先保留透明背景。,,
138,exclude,excluded,other-image,other-image,7b8d7aeb7574b22c.png,,,864,6645,94970,d6cd2f939e6d8735,other-candidate,other-image,,other-image,当前不纳入：更像截图、背景、照片、营销文案或装饰元素，不属于本轮 icon/logo 池。
139,include,icon,地球,globe-line,7c9d4b72dcf17a6b.png,https://magic-builder.tos-cn-beijing.volces.com/gtm/pptx-media/v1/icons/globe-line-8bc0fc90.png,gtm/pptx-media/v1/icons/globe-line-8bc0fc90.png,96,96,2694,8bc0fc9046ef6880,icon-candidate,globe|line,用于 GTM 材料中的功能点、流程、能力或状态表达；优先搭配短标题使用。,,
140,include,icon,学士帽,graduation-cap-line,7d27d110df1eea5e.png,https://magic-builder.tos-cn-beijing.volces.com/gtm/pptx-media/v1/icons/graduation-cap-line-299ff914.png,gtm/pptx-media/v1/icons/graduation-cap-line-299ff914.png,96,96,1547,299ff9142fb494b9,icon-candidate,graduation|cap|line,用于 GTM 材料中的功能点、流程、能力或状态表达；优先搭配短标题使用。,,
141,exclude,excluded,other-image,other-image,7d9d8b865ccd8dc9.png,,,4348,3820,181408,3448cf17a3aa399f,other-candidate,other-image,,other-image,当前不纳入：更像截图、背景、照片、营销文案或装饰元素，不属于本轮 icon/logo 池。
142,exclude,excluded,other-image,other-image,7e43583df202e745.png,,,12420,4320,1414705,277f56899c32b870,other-candidate,other-image,,other-image,当前不纳入：更像截图、背景、照片、营销文案或装饰元素，不属于本轮 icon/logo 池。
143,exclude,excluded,metric-text,metric-text,7eade25d7dfd8233.png,,,82,26,731,605d7de10047e3b7,icon-candidate,metric-text,,metric-text,指标文字，不作为可复用 icon
144,exclude,excluded,other-image,other-image,7efc8dc96a9d0a18.png,,,2068,1368,99128,795e31878d692790,other-candidate,other-image,,other-image,当前不纳入：更像截图、背景、照片、营销文案或装饰元素，不属于本轮 icon/logo 池。
145,include,icon,语言翻译,language-translation-line,7f66c7f7d21aad17.png,https://magic-builder.tos-cn-beijing.volces.com/gtm/pptx-media/v1/icons/language-translation-line-0d9e9fde.png,gtm/pptx-media/v1/icons/language-translation-line-0d9e9fde.png,96,96,1592,0d9e9fdef50710cb,icon-candidate,language|translation|line,用于 GTM 材料中的功能点、流程、能力或状态表达；优先搭配短标题使用。,,
146,include,icon,柱状统计,bar-chart-alt-line,80a90c8bb3348e66.png,https://magic-builder.tos-cn-beijing.volces.com/gtm/pptx-media/v1/icons/bar-chart-alt-line-e1815493.png,gtm/pptx-media/v1/icons/bar-chart-alt-line-e1815493.png,96,96,849,e18154931f349bd7,icon-candidate,bar|chart|alt|line,用于 GTM 材料中的功能点、流程、能力或状态表达；优先搭配短标题使用。,,
147,include,icon,全球网络,globe-grid-line,80cef12ea710a61e.png,https://magic-builder.tos-cn-beijing.volces.com/gtm/pptx-media/v1/icons/globe-grid-line-9ffbd272.png,gtm/pptx-media/v1/icons/globe-grid-line-9ffbd272.png,96,96,2596,9ffbd272d2e09636,icon-candidate,globe|grid|line,用于 GTM 材料中的功能点、流程、能力或状态表达；优先搭配短标题使用。,,
148,exclude,excluded,other-image,other-image,8151698eea632296.png,,,542,399,62503,046c196f924e977c,other-candidate,other-image,,other-image,当前不纳入：更像截图、背景、照片、营销文案或装饰元素，不属于本轮 icon/logo 池。
149,exclude,excluded,large-non-reusable,large-non-reusable,82b20e64a807a1e4.png,,,371,371,166607,3b2bf78f1b21981d,large-icon-or-logo-candidate,large-non-reusable,,large-non-reusable,当前不纳入：更像人物头像、食物/实物照片或非通用大图。
150,include,logo,Feishu AnyCross,feishu-anycross-logo-en,8379a50c7287aa1c.png,https://magic-builder.tos-cn-beijing.volces.com/gtm/pptx-media/v1/logos/feishu-anycross-logo-en-b73bf7ce.png,gtm/pptx-media/v1/logos/feishu-anycross-logo-en-b73bf7ce.png,2420,417,32771,b73bf7ce9d8d92e7,logo-candidate,feishu|anycross|logo|en,用于 GTM 材料中的产品、客户或伙伴标识引用；不要拉伸变形，优先保留透明背景。,,
151,include,icon,客服耳机,headset-line,84c699d6c4f1d99f.png,https://magic-builder.tos-cn-beijing.volces.com/gtm/pptx-media/v1/icons/headset-line-1a0156a9.png,gtm/pptx-media/v1/icons/headset-line-1a0156a9.png,96,96,1735,1a0156a9f43ac129,icon-candidate,headset|line,用于 GTM 材料中的功能点、流程、能力或状态表达；优先搭配短标题使用。,,
152,include,logo,三顾冒菜,sangu-maocai-logo,84f13ead6f5b7026.png,https://magic-builder.tos-cn-beijing.volces.com/gtm/pptx-media/v1/logos/sangu-maocai-logo-9c67b7fe.png,gtm/pptx-media/v1/logos/sangu-maocai-logo-9c67b7fe.png,300,148,3393,9c67b7fe9db44971,logo-candidate,sangu|maocai|logo,用于 GTM 材料中的产品、客户或伙伴标识引用；不要拉伸变形，优先保留透明背景。,,
153,include,logo,Feishu Performance,feishu-performance-logo-en,86a42cf94fdfdaa7.png,https://magic-builder.tos-cn-beijing.volces.com/gtm/pptx-media/v1/logos/feishu-performance-logo-en-535cefb9.png,gtm/pptx-media/v1/logos/feishu-performance-logo-en-535cefb9.png,2782,417,32775,535cefb9bab1a29a,logo-candidate,feishu|performance|logo|en,用于 GTM 材料中的产品、客户或伙伴标识引用；不要拉伸变形，优先保留透明背景。,,
154,exclude,excluded,large-non-reusable,large-non-reusable,87db19d23d312115.png,,,800,800,806927,22045d067de6de4e,large-icon-or-logo-candidate,large-non-reusable,,large-non-reusable,当前不纳入：更像人物头像、食物/实物照片或非通用大图。
155,include,icon,上升趋势,growth-arrow-line,8820aa6f3719cf1d.png,https://magic-builder.tos-cn-beijing.volces.com/gtm/pptx-media/v1/icons/growth-arrow-line-33908ede.png,gtm/pptx-media/v1/icons/growth-arrow-line-33908ede.png,96,96,1088,33908edea8e90631,icon-candidate,growth|arrow|line,用于 GTM 材料中的功能点、流程、能力或状态表达；优先搭配短标题使用。,,
156,exclude,excluded,other-image,other-image,8b37a7696483eecc.png,,,2500,1499,78428,311cc64199519b84,other-candidate,other-image,,other-image,当前不纳入：更像截图、背景、照片、营销文案或装饰元素，不属于本轮 icon/logo 池。
157,include,icon,八边形警告,warning-octagon-line,8cf6ffe459a7ec56.png,https://magic-builder.tos-cn-beijing.volces.com/gtm/pptx-media/v1/icons/warning-octagon-line-a3207075.png,gtm/pptx-media/v1/icons/warning-octagon-line-a3207075.png,89,89,3651,a3207075cbaa5fb3,icon-candidate,warning|octagon|line,用于 GTM 材料中的功能点、流程、能力或状态表达；优先搭配短标题使用。,,
158,include,icon,蓝色卡片应用图标,blue-card-app-icon,8cf9918876acc13f.png,https://magic-builder.tos-cn-beijing.volces.com/gtm/pptx-media/v1/icons/blue-card-app-icon-9e653c15.png,gtm/pptx-media/v1/icons/blue-card-app-icon-9e653c15.png,788,784,28277,9e653c153516cf5b,large-icon-or-logo-candidate,blue|card|app|icon|app-icon,用于 GTM 材料中的功能点、流程、能力或状态表达；优先搭配短标题使用。,,
159,include,logo,蓝箭航天,landspace-logo-cn,9034d2ae6aaf0c2b.png,https://magic-builder.tos-cn-beijing.volces.com/gtm/pptx-media/v1/logos/landspace-logo-cn-fe5c6fbd.png,gtm/pptx-media/v1/logos/landspace-logo-cn-fe5c6fbd.png,2016,672,150454,fe5c6fbda6edb285,logo-candidate,landspace|logo|cn,用于 GTM 材料中的产品、客户或伙伴标识引用；不要拉伸变形，优先保留透明背景。,,
160,include,icon,数据看板,analytics-card-line,9046520727b55e57.png,https://magic-builder.tos-cn-beijing.volces.com/gtm/pptx-media/v1/icons/analytics-card-line-406c6af3.png,gtm/pptx-media/v1/icons/analytics-card-line-406c6af3.png,96,96,994,406c6af3264e920f,icon-candidate,analytics|card|line,用于 GTM 材料中的功能点、流程、能力或状态表达；优先搭配短标题使用。,,
161,include,icon,广播天线,broadcast-antenna-line,913ffc9d345ae1b1.png,https://magic-builder.tos-cn-beijing.volces.com/gtm/pptx-media/v1/icons/broadcast-antenna-line-7e1667db.png,gtm/pptx-media/v1/icons/broadcast-antenna-line-7e1667db.png,96,96,2363,7e1667dbcdde7cd5,icon-candidate,broadcast|antenna|line,用于 GTM 材料中的功能点、流程、能力或状态表达；优先搭配短标题使用。,,
162,include,logo,飞书人事,feishu-people-logo-cn,9140a4bcad1a9c4a.png,https://magic-builder.tos-cn-beijing.volces.com/gtm/pptx-media/v1/logos/feishu-people-logo-cn-9823bec2.png,gtm/pptx-media/v1/logos/feishu-people-logo-cn-9823bec2.png,1420,417,18378,9823bec244426994,logo-candidate,feishu|people|logo|cn,用于 GTM 材料中的产品、客户或伙伴标识引用；不要拉伸变形，优先保留透明背景。,,
163,include,icon,用户,user-outline-line,91490351f79cf2cf.png,https://magic-builder.tos-cn-beijing.volces.com/gtm/pptx-media/v1/icons/user-outline-line-bb0487f1.png,gtm/pptx-media/v1/icons/user-outline-line-bb0487f1.png,96,96,1764,bb0487f155f173ef,icon-candidate,user|outline|line,用于 GTM 材料中的功能点、流程、能力或状态表达；优先搭配短标题使用。,,
164,include,icon,彩色产品图标,product-app-color-icon,9249fa111beee451.png,https://magic-builder.tos-cn-beijing.volces.com/gtm/pptx-media/v1/icons/product-app-color-icon-df333c38.png,gtm/pptx-media/v1/icons/product-app-color-icon-df333c38.png,96,96,1599,df333c38cafed31f,icon-candidate,product|app|color|icon|line,用于 GTM 材料中的功能点、流程、能力或状态表达；优先搭配短标题使用。,,
165,include,logo,Feishu People,feishu-people-logo-en-alt,928e69bfa628313e.png,https://magic-builder.tos-cn-beijing.volces.com/gtm/pptx-media/v1/logos/feishu-people-logo-en-alt-b8269064.png,gtm/pptx-media/v1/logos/feishu-people-logo-en-alt-b8269064.png,1683,418,23588,b8269064f10f4b97,logo-candidate,feishu|people|logo|en|alt,用于 GTM 材料中的产品、客户或伙伴标识引用；不要拉伸变形，优先保留透明背景。,,
166,include,icon,旗帜,flag-line,95503602738d9e22.png,https://magic-builder.tos-cn-beijing.volces.com/gtm/pptx-media/v1/icons/flag-line-c3fe9e61.png,gtm/pptx-media/v1/icons/flag-line-c3fe9e61.png,96,96,1114,c3fe9e616c483e02,icon-candidate,flag|line,用于 GTM 材料中的功能点、流程、能力或状态表达；优先搭配短标题使用。,,
167,include,logo,飞书多维表格,feishu-base-logo-cn-alt,9633c624c96b21bf.png,https://magic-builder.tos-cn-beijing.volces.com/gtm/pptx-media/v1/logos/feishu-base-logo-cn-alt-1d12f38d.png,gtm/pptx-media/v1/logos/feishu-base-logo-cn-alt-1d12f38d.png,1946,417,31965,1d12f38d8bc2e07b,logo-candidate,feishu|base|logo|cn|alt,用于 GTM 材料中的产品、客户或伙伴标识引用；不要拉伸变形，优先保留透明背景。,,
168,include,icon,飞书绩效应用图标,feishu-performance-app-icon,964f28cc7c209d19.png,https://magic-builder.tos-cn-beijing.volces.com/gtm/pptx-media/v1/icons/feishu-performance-app-icon-50070845.png,gtm/pptx-media/v1/icons/feishu-performance-app-icon-50070845.png,784,788,36085,50070845b419c1f6,large-icon-or-logo-candidate,feishu|performance|app|icon|app-icon,用于 GTM 材料中的功能点、流程、能力或状态表达；优先搭配短标题使用。,,
169,include,icon,分支立方体,cube-branch-line,966d67ff63dbcc59.png,https://magic-builder.tos-cn-beijing.volces.com/gtm/pptx-media/v1/icons/cube-branch-line-b31f3636.png,gtm/pptx-media/v1/icons/cube-branch-line-b31f3636.png,96,96,1477,b31f3636708731fd,icon-candidate,cube|branch|line,用于 GTM 材料中的功能点、流程、能力或状态表达；优先搭配短标题使用。,,
170,include,icon,难过表情,sad-face-line,978fcb8d795b97cf.png,https://magic-builder.tos-cn-beijing.volces.com/gtm/pptx-media/v1/icons/sad-face-line-19f0c2c3.png,gtm/pptx-media/v1/icons/sad-face-line-19f0c2c3.png,96,96,2024,19f0c2c34a4526d5,icon-candidate,sad|face|line,用于 GTM 材料中的功能点、流程、能力或状态表达；优先搭配短标题使用。,,
171,include,icon,彩色滑杆图标,sliders-color-icon,9795af3ccf6eb151.png,https://magic-builder.tos-cn-beijing.volces.com/gtm/pptx-media/v1/icons/sliders-color-icon-2154d751.png,gtm/pptx-media/v1/icons/sliders-color-icon-2154d751.png,784,784,38543,2154d751d99d3b47,large-icon-or-logo-candidate,sliders|color|icon|app-icon,用于 GTM 材料中的功能点、流程、能力或状态表达；优先搭配短标题使用。,,
172,include,icon,网络集群,network-cluster-line,97c71f315c3919a9.png,https://magic-builder.tos-cn-beijing.volces.com/gtm/pptx-media/v1/icons/network-cluster-line-ff74d4b6.png,gtm/pptx-media/v1/icons/network-cluster-line-ff74d4b6.png,96,96,1824,ff74d4b64e4883a8,icon-candidate,network|cluster|line,用于 GTM 材料中的功能点、流程、能力或状态表达；优先搭配短标题使用。,,
173,exclude,excluded,other-image,other-image,984faae5892b890a.png,,,6289,3287,190545,4e9abcc28e9249fd,other-candidate,other-image,,other-image,当前不纳入：更像截图、背景、照片、营销文案或装饰元素，不属于本轮 icon/logo 池。
174,include,logo,益禾堂,yitang-logo,98d057d0474ae4b2.png,https://magic-builder.tos-cn-beijing.volces.com/gtm/pptx-media/v1/logos/yitang-logo-d6d758cc.png,gtm/pptx-media/v1/logos/yitang-logo-d6d758cc.png,760,240,18184,d6d758cc311a9532,logo-candidate,yitang|logo,用于 GTM 材料中的产品、客户或伙伴标识引用；不要拉伸变形，优先保留透明背景。,,
175,include,icon,锁,lock-line,98d9096d0e722f90.png,https://magic-builder.tos-cn-beijing.volces.com/gtm/pptx-media/v1/icons/lock-line-f212ec5b.png,gtm/pptx-media/v1/icons/lock-line-f212ec5b.png,96,96,1194,f212ec5beb52b32c,icon-candidate,lock|line,用于 GTM 材料中的功能点、流程、能力或状态表达；优先搭配短标题使用。,,
176,exclude,excluded,other-image,other-image,992cd65a40609062.png,,,1920,1332,2870842,822d225af0ab9ac0,other-candidate,other-image,,other-image,当前不纳入：更像截图、背景、照片、营销文案或装饰元素，不属于本轮 icon/logo 池。
177,exclude,excluded,other-image,other-image,9a02ea22acfd3784.png,,,236,256,6619,c70d714a4269b7b7,other-candidate,other-image,,other-image,当前不纳入：更像截图、背景、照片、营销文案或装饰元素，不属于本轮 icon/logo 池。
178,exclude,excluded,blank-or-invisible,blank-or-invisible,9bf7e6e02aa80a2b.png,,,99,106,171,ef09d4486ed16ea3,icon-candidate,blank-or-invisible,,blank-or-invisible,几乎为空的透明资源
179,include,icon,证书,certificate-line,9d0e262f50905444.png,https://magic-builder.tos-cn-beijing.volces.com/gtm/pptx-media/v1/icons/certificate-line-110443d5.png,gtm/pptx-media/v1/icons/certificate-line-110443d5.png,96,96,1086,110443d5bb38e1c7,icon-candidate,certificate|line,用于 GTM 材料中的功能点、流程、能力或状态表达；优先搭配短标题使用。,,
180,include,icon,彩色消息气泡,chat-bubbles-color-icon-alt,9d43f3e97a8af812.png,https://magic-builder.tos-cn-beijing.volces.com/gtm/pptx-media/v1/icons/chat-bubbles-color-icon-alt-aa0fa92e.png,gtm/pptx-media/v1/icons/chat-bubbles-color-icon-alt-aa0fa92e.png,784,784,31784,aa0fa92e731017de,large-icon-or-logo-candidate,chat|bubbles|color|icon|alt|app-icon,用于 GTM 材料中的功能点、流程、能力或状态表达；优先搭配短标题使用。,,
181,include,icon,人民币,yuan-currency-line,9ea9f4536b6f5a71.png,https://magic-builder.tos-cn-beijing.volces.com/gtm/pptx-media/v1/icons/yuan-currency-line-62b7b674.png,gtm/pptx-media/v1/icons/yuan-currency-line-62b7b674.png,96,96,1983,62b7b6741114f16f,icon-candidate,yuan|currency|line,用于 GTM 材料中的功能点、流程、能力或状态表达；优先搭配短标题使用。,,
182,exclude,excluded,metric-text,metric-text,9fadf1458a33d8b3.png,,,75,26,1224,72d0a7cff6a96fa6,icon-candidate,metric-text,,metric-text,指标文字，不作为可复用 icon
183,include,icon,笑脸,smile-face-line,a0141c60b9a4f794.png,https://magic-builder.tos-cn-beijing.volces.com/gtm/pptx-media/v1/icons/smile-face-line-1137f7cc.png,gtm/pptx-media/v1/icons/smile-face-line-1137f7cc.png,96,96,1876,1137f7cc4f76e4ac,icon-candidate,smile|face|line,用于 GTM 材料中的功能点、流程、能力或状态表达；优先搭配短标题使用。,,
184,include,icon,飞书多维表格应用图标,feishu-base-app-icon,a036319fe61f83ae.png,https://magic-builder.tos-cn-beijing.volces.com/gtm/pptx-media/v1/icons/feishu-base-app-icon-e3040d7f.png,gtm/pptx-media/v1/icons/feishu-base-app-icon-e3040d7f.png,784,788,34220,e3040d7fdeeb3ebf,large-icon-or-logo-candidate,feishu|base|app|icon|app-icon,用于 GTM 材料中的功能点、流程、能力或状态表达；优先搭配短标题使用。,,
185,exclude,excluded,other-image,other-image,a0399f7b86c6dcd3.png,,,190,224,1294,9160464e70b774e0,other-candidate,other-image,,other-image,当前不纳入：更像截图、背景、照片、营销文案或装饰元素，不属于本轮 icon/logo 池。
186,exclude,excluded,other-image,other-image,a081f44dc9ae62db.png,,,9600,5400,13528046,602801e833d9399f,other-candidate,other-image,,other-image,当前不纳入：更像截图、背景、照片、营销文案或装饰元素，不属于本轮 icon/logo 池。
187,include,icon,列表添加,list-add-line,a0d4bded88cf974e.png,https://magic-builder.tos-cn-beijing.volces.com/gtm/pptx-media/v1/icons/list-add-line-41b7440e.png,gtm/pptx-media/v1/icons/list-add-line-41b7440e.png,96,96,841,41b7440e813dc96d,icon-candidate,list|add|line,用于 GTM 材料中的功能点、流程、能力或状态表达；优先搭配短标题使用。,,
188,include,icon,耳机,earbud-line,a11731bb8bf38b84.png,https://magic-builder.tos-cn-beijing.volces.com/gtm/pptx-media/v1/icons/earbud-line-a0b2fb5b.png,gtm/pptx-media/v1/icons/earbud-line-a0b2fb5b.png,96,96,1584,a0b2fb5b382839f1,icon-candidate,earbud|line,用于 GTM 材料中的功能点、流程、能力或状态表达；优先搭配短标题使用。,,
189,include,logo,鹏飞集团,pengfei-group-logo,a16f29d7442612c7.png,https://magic-builder.tos-cn-beijing.volces.com/gtm/pptx-media/v1/logos/pengfei-group-logo-47488ca4.png,gtm/pptx-media/v1/logos/pengfei-group-logo-47488ca4.png,1050,312,103482,47488ca4d42a866f,logo-candidate,pengfei|group|logo,用于 GTM 材料中的产品、客户或伙伴标识引用；不要拉伸变形，优先保留透明背景。,,
190,exclude,excluded,other-image,other-image,a1bf71926a28fc19.jpeg,,,552,1212,200551,cd2d183b287cb719,other-candidate,other-image,,other-image,当前不纳入：更像截图、背景、照片、营销文案或装饰元素，不属于本轮 icon/logo 池。
191,include,icon,环形网络,network-circle-line,a1c9c5fb4ab505a0.png,https://magic-builder.tos-cn-beijing.volces.com/gtm/pptx-media/v1/icons/network-circle-line-3fc34f94.png,gtm/pptx-media/v1/icons/network-circle-line-3fc34f94.png,96,96,1913,3fc34f94697c6918,icon-candidate,network|circle|line,用于 GTM 材料中的功能点、流程、能力或状态表达；优先搭配短标题使用。,,
192,include,icon,日历 26 应用图标,calendar-26-app-icon,a2215f724dd5e556.png,https://magic-builder.tos-cn-beijing.volces.com/gtm/pptx-media/v1/icons/calendar-26-app-icon-9b8c312f.png,gtm/pptx-media/v1/icons/calendar-26-app-icon-9b8c312f.png,784,784,31249,9b8c312f1bf1c68b,large-icon-or-logo-candidate,calendar|26|app|icon|app-icon,用于 GTM 材料中的功能点、流程、能力或状态表达；优先搭配短标题使用。,,
193,include,icon,节点选区,selection-nodes-line,a26ddb71787f1259.png,https://magic-builder.tos-cn-beijing.volces.com/gtm/pptx-media/v1/icons/selection-nodes-line-9b5a4c45.png,gtm/pptx-media/v1/icons/selection-nodes-line-9b5a4c45.png,96,96,1797,9b5a4c45a7392690,icon-candidate,selection|nodes|line,用于 GTM 材料中的功能点、流程、能力或状态表达；优先搭配短标题使用。,,
194,include,icon,主页,home-line,a35878b6800821b0.png,https://magic-builder.tos-cn-beijing.volces.com/gtm/pptx-media/v1/icons/home-line-587e9cd7.png,gtm/pptx-media/v1/icons/home-line-587e9cd7.png,96,96,1114,587e9cd7151bc24d,icon-candidate,home|line,用于 GTM 材料中的功能点、流程、能力或状态表达；优先搭配短标题使用。,,
195,include,icon,开关目标,toggle-target-line,a360cbf0c9bf4e39.png,https://magic-builder.tos-cn-beijing.volces.com/gtm/pptx-media/v1/icons/toggle-target-line-b07d5ae1.png,gtm/pptx-media/v1/icons/toggle-target-line-b07d5ae1.png,96,96,1754,b07d5ae149b282e4,icon-candidate,toggle|target|line,用于 GTM 材料中的功能点、流程、能力或状态表达；优先搭配短标题使用。,,
196,include,icon,绿色确认,check-green-solid,a4540d81cce4891e.png,https://magic-builder.tos-cn-beijing.volces.com/gtm/pptx-media/v1/icons/check-green-solid-8aeb2c55.png,gtm/pptx-media/v1/icons/check-green-solid-8aeb2c55.png,96,96,2747,8aeb2c55057d2ff6,icon-candidate,check|green|solid|line,用于 GTM 材料中的功能点、流程、能力或状态表达；优先搭配短标题使用。,,
197,include,icon,收藏识别,favorite-scan-line,a4a25724019e3484.png,https://magic-builder.tos-cn-beijing.volces.com/gtm/pptx-media/v1/icons/favorite-scan-line-e6873132.png,gtm/pptx-media/v1/icons/favorite-scan-line-e6873132.png,96,96,1459,e687313235a5c84a,icon-candidate,favorite|scan|line,用于 GTM 材料中的功能点、流程、能力或状态表达；优先搭配短标题使用。,,
198,include,icon,云文档应用图标,document-cloud-app-icon-alt,a4c32b0e1e0b41db.png,https://magic-builder.tos-cn-beijing.volces.com/gtm/pptx-media/v1/icons/document-cloud-app-icon-alt-3975b1ea.png,gtm/pptx-media/v1/icons/document-cloud-app-icon-alt-3975b1ea.png,664,640,23331,3975b1eae071b734,large-icon-or-logo-candidate,document|cloud|app|icon|alt|app-icon,用于 GTM 材料中的功能点、流程、能力或状态表达；优先搭配短标题使用。,,
199,exclude,excluded,metric-text,metric-text,a5a1cb8513075ccb.png,,,92,23,785,f83d39d74c0a156c,icon-candidate,metric-text,,metric-text,指标文字，不作为可复用 icon
200,include,icon,闪电,lightning-line,a5c6c32b12759806.png,https://magic-builder.tos-cn-beijing.volces.com/gtm/pptx-media/v1/icons/lightning-line-7665b40e.png,gtm/pptx-media/v1/icons/lightning-line-7665b40e.png,96,96,1567,7665b40e51b93d8a,icon-candidate,lightning|line,用于 GTM 材料中的功能点、流程、能力或状态表达；优先搭配短标题使用。,,
201,include,icon,书签添加,bookmark-plus-line,a7543037dc0e7a14.png,https://magic-builder.tos-cn-beijing.volces.com/gtm/pptx-media/v1/icons/bookmark-plus-line-ede9b8a1.png,gtm/pptx-media/v1/icons/bookmark-plus-line-ede9b8a1.png,96,96,1372,ede9b8a12b5579aa,icon-candidate,bookmark|plus|line,用于 GTM 材料中的功能点、流程、能力或状态表达；优先搭配短标题使用。,,
202,include,icon,多层应用图标,multi-layer-app-icon,a7d93a6b4c77762c.png,https://magic-builder.tos-cn-beijing.volces.com/gtm/pptx-media/v1/icons/multi-layer-app-icon-38520dc1.png,gtm/pptx-media/v1/icons/multi-layer-app-icon-38520dc1.png,784,788,25166,38520dc15b2a3940,large-icon-or-logo-candidate,multi|layer|app|icon|app-icon,用于 GTM 材料中的功能点、流程、能力或状态表达；优先搭配短标题使用。,,
203,include,icon,播放卡片,play-card-line,a8a8226737bd1b6e.png,https://magic-builder.tos-cn-beijing.volces.com/gtm/pptx-media/v1/icons/play-card-line-8973223b.png,gtm/pptx-media/v1/icons/play-card-line-8973223b.png,96,96,1513,8973223bc7c2d7df,icon-candidate,play|card|line,用于 GTM 材料中的功能点、流程、能力或状态表达；优先搭配短标题使用。,,
204,include,icon,代码窗口,code-window-line,a94d3c74a8d7b9e7.png,https://magic-builder.tos-cn-beijing.volces.com/gtm/pptx-media/v1/icons/code-window-line-c19e7743.png,gtm/pptx-media/v1/icons/code-window-line-c19e7743.png,96,96,1655,c19e77431be7073f,icon-candidate,code|window|line,用于 GTM 材料中的功能点、流程、能力或状态表达；优先搭配短标题使用。,,
205,include,icon,准星目标,target-crosshair-line,aabe6e7f8feb1bec.png,https://magic-builder.tos-cn-beijing.volces.com/gtm/pptx-media/v1/icons/target-crosshair-line-99f93351.png,gtm/pptx-media/v1/icons/target-crosshair-line-99f93351.png,96,96,2325,99f933511d739ccb,icon-candidate,target|crosshair|line,用于 GTM 材料中的功能点、流程、能力或状态表达；优先搭配短标题使用。,,
206,exclude,excluded,metric-text,metric-text,ac8915eca1d4b76e.png,,,498,188,5487,e16deb13479a406e,logo-candidate,metric-text,,metric-text,指标文字，不作为可复用 logo
207,include,logo,飞书白色字标,feishu-logo-white,add8ee3f2e5106c7.png,https://magic-builder.tos-cn-beijing.volces.com/gtm/pptx-media/v1/logos/feishu-logo-white-495688bf.png,gtm/pptx-media/v1/logos/feishu-logo-white-495688bf.png,1061,318,12922,495688bfc75c1156,logo-candidate,feishu|logo|white,用于 GTM 材料中的产品、客户或伙伴标识引用；不要拉伸变形，优先保留透明背景。,,
208,exclude,excluded,other-image,other-image,af985b2a97fbead8.png,,,11760,4960,3695839,ad1523dc3d377295,other-candidate,other-image,,other-image,当前不纳入：更像截图、背景、照片、营销文案或装饰元素，不属于本轮 icon/logo 池。
209,include,icon,流程应用图标,workflow-app-icon,b002c8999f649004.png,https://magic-builder.tos-cn-beijing.volces.com/gtm/pptx-media/v1/icons/workflow-app-icon-9a742e35.png,gtm/pptx-media/v1/icons/workflow-app-icon-9a742e35.png,784,784,32020,9a742e35d92536b3,large-icon-or-logo-candidate,workflow|app|icon|app-icon,用于 GTM 材料中的功能点、流程、能力或状态表达；优先搭配短标题使用。,,
210,exclude,excluded,other-image,other-image,b0f8d0ec7e7195aa.jpeg,,,1280,853,130285,ddfe2ad393a2306d,other-candidate,other-image,,other-image,当前不纳入：更像截图、背景、照片、营销文案或装饰元素，不属于本轮 icon/logo 池。
211,include,icon,浏览器窗口,browser-window-line,b215d7e496a08eed.png,https://magic-builder.tos-cn-beijing.volces.com/gtm/pptx-media/v1/icons/browser-window-line-a1d47b5a.png,gtm/pptx-media/v1/icons/browser-window-line-a1d47b5a.png,96,96,1178,a1d47b5ad858586e,icon-candidate,browser|window|line,用于 GTM 材料中的功能点、流程、能力或状态表达；优先搭配短标题使用。,,
212,include,icon,饼图,pie-chart-line,b261e6a7dca84624.png,https://magic-builder.tos-cn-beijing.volces.com/gtm/pptx-media/v1/icons/pie-chart-line-757291af.png,gtm/pptx-media/v1/icons/pie-chart-line-757291af.png,96,96,1860,757291af776275e8,icon-candidate,pie|chart|line,用于 GTM 材料中的功能点、流程、能力或状态表达；优先搭配短标题使用。,,
213,include,icon,人事应用图标,people-app-icon,b275ffc57932a81d.png,https://magic-builder.tos-cn-beijing.volces.com/gtm/pptx-media/v1/icons/people-app-icon-6f540bce.png,gtm/pptx-media/v1/icons/people-app-icon-6f540bce.png,784,784,34781,6f540bce98f7caff,large-icon-or-logo-candidate,people|app|icon|app-icon,用于 GTM 材料中的功能点、流程、能力或状态表达；优先搭配短标题使用。,,
214,exclude,excluded,large-non-reusable,large-non-reusable,b472c9001ec3c7ba.png,,,371,371,148979,06739b4a12d2da16,large-icon-or-logo-candidate,large-non-reusable,,large-non-reusable,当前不纳入：更像人物头像、食物/实物照片或非通用大图。
215,exclude,excluded,other-image,other-image,b4906f8983e9cecf.png,,,1955,1360,10448,5fc34b768e171bb2,other-candidate,other-image,,other-image,当前不纳入：更像截图、背景、照片、营销文案或装饰元素，不属于本轮 icon/logo 池。
216,exclude,excluded,large-non-reusable,large-non-reusable,b514c5a6da6a3836.png,,,371,371,152416,96e770ded0dbe5e9,large-icon-or-logo-candidate,large-non-reusable,,large-non-reusable,当前不纳入：更像人物头像、食物/实物照片或非通用大图。
217,exclude,excluded,other-image,other-image,b7b42851f262ec9e.png,,,1500,1500,81354,6a23b38d22570e2e,other-candidate,other-image,,other-image,当前不纳入：更像截图、背景、照片、营销文案或装饰元素，不属于本轮 icon/logo 池。
218,exclude,excluded,other-image,other-image,b8798958dab08e18.png,,,1437,808,52855,02026da02dcda90e,other-candidate,other-image,,other-image,当前不纳入：更像截图、背景、照片、营销文案或装饰元素，不属于本轮 icon/logo 池。
219,include,icon,移动箭头,move-arrows-line,b92e6560f73efe4e.png,https://magic-builder.tos-cn-beijing.volces.com/gtm/pptx-media/v1/icons/move-arrows-line-dec942d1.png,gtm/pptx-media/v1/icons/move-arrows-line-dec942d1.png,96,96,1347,dec942d1a23742c9,icon-candidate,move|arrows|line,用于 GTM 材料中的功能点、流程、能力或状态表达；优先搭配短标题使用。,,
220,exclude,excluded,placeholder-logo,placeholder-logo,b972ab53e095fe13.png,,,2202,691,70373,5518dbad5803d211,logo-candidate,placeholder-logo,,placeholder-logo,Partner logo 占位图，不是正式素材
221,include,icon,层级结构,hierarchy-line,b9c3169c32b18e71.png,https://magic-builder.tos-cn-beijing.volces.com/gtm/pptx-media/v1/icons/hierarchy-line-538c91c3.png,gtm/pptx-media/v1/icons/hierarchy-line-538c91c3.png,96,96,890,538c91c39b441c6a,icon-candidate,hierarchy|line,用于 GTM 材料中的功能点、流程、能力或状态表达；优先搭配短标题使用。,,
222,include,icon,调色盘,palette-line,ba1be3d39bce7b5e.png,https://magic-builder.tos-cn-beijing.volces.com/gtm/pptx-media/v1/icons/palette-line-40a93781.png,gtm/pptx-media/v1/icons/palette-line-40a93781.png,96,96,2333,40a93781aaab9888,icon-candidate,palette|line,用于 GTM 材料中的功能点、流程、能力或状态表达；优先搭配短标题使用。,,
223,include,icon,录制目标,record-target-line,bc6a8b51bd6c0215.png,https://magic-builder.tos-cn-beijing.volces.com/gtm/pptx-media/v1/icons/record-target-line-332eeef9.png,gtm/pptx-media/v1/icons/record-target-line-332eeef9.png,96,96,2269,332eeef9f1c77666,icon-candidate,record|target|line,用于 GTM 材料中的功能点、流程、能力或状态表达；优先搭配短标题使用。,,
224,include,icon,购物袋,shopping-bag-line,bc6d0cecfe422fb7.png,https://magic-builder.tos-cn-beijing.volces.com/gtm/pptx-media/v1/icons/shopping-bag-line-d2463c60.png,gtm/pptx-media/v1/icons/shopping-bag-line-d2463c60.png,96,96,1531,d2463c6012d2e081,icon-candidate,shopping|bag|line,用于 GTM 材料中的功能点、流程、能力或状态表达；优先搭配短标题使用。,,
225,include,icon,第一名奖牌,medal-number-one-line,bd71f9c4bf3cc425.png,https://magic-builder.tos-cn-beijing.volces.com/gtm/pptx-media/v1/icons/medal-number-one-line-67a42816.png,gtm/pptx-media/v1/icons/medal-number-one-line-67a42816.png,96,96,2121,67a428164e4927f7,icon-candidate,medal|number|one|line,用于 GTM 材料中的功能点、流程、能力或状态表达；优先搭配短标题使用。,,
226,include,icon,宫格列表,grid-list-line,be428d6fa45b6bfe.png,https://magic-builder.tos-cn-beijing.volces.com/gtm/pptx-media/v1/icons/grid-list-line-33a8d2a4.png,gtm/pptx-media/v1/icons/grid-list-line-33a8d2a4.png,96,96,1264,33a8d2a46b82ccfc,icon-candidate,grid|list|line,用于 GTM 材料中的功能点、流程、能力或状态表达；优先搭配短标题使用。,,
227,include,icon,购物袋图标,shopping-bag-color-icon,be8695dcb6bf4536.png,https://magic-builder.tos-cn-beijing.volces.com/gtm/pptx-media/v1/icons/shopping-bag-color-icon-b0ff633b.png,gtm/pptx-media/v1/icons/shopping-bag-color-icon-b0ff633b.png,784,784,32112,b0ff633ba6802bba,large-icon-or-logo-candidate,shopping|bag|color|icon|app-icon,用于 GTM 材料中的功能点、流程、能力或状态表达；优先搭配短标题使用。,,
228,include,logo,飞书,feishu-logo-cn-color,bf0d486a2f2f144a.png,https://magic-builder.tos-cn-beijing.volces.com/gtm/pptx-media/v1/logos/feishu-logo-cn-color-b6ea59cb.png,gtm/pptx-media/v1/logos/feishu-logo-cn-color-b6ea59cb.png,1034,326,14612,b6ea59cb2978d8a3,logo-candidate,feishu|logo|cn|color,用于 GTM 材料中的产品、客户或伙伴标识引用；不要拉伸变形，优先保留透明背景。,,
229,exclude,excluded,large-non-reusable,large-non-reusable,bfef7fcec9c3efeb.jpeg,,,600,667,240608,47168e2fe65caf76,large-icon-or-logo-candidate,large-non-reusable,,large-non-reusable,当前不纳入：更像人物头像、食物/实物照片或非通用大图。
230,include,icon,消息气泡,chat-bubbles-alt-line,c01e4ac0dff96592.png,https://magic-builder.tos-cn-beijing.volces.com/gtm/pptx-media/v1/icons/chat-bubbles-alt-line-e4198086.png,gtm/pptx-media/v1/icons/chat-bubbles-alt-line-e4198086.png,96,96,1165,e41980863c9a548d,icon-candidate,chat|bubbles|alt|line,用于 GTM 材料中的功能点、流程、能力或状态表达；优先搭配短标题使用。,,
231,exclude,excluded,large-non-reusable,large-non-reusable,c068661d22e1b310.png,,,371,371,133868,08483bc6d6bd46f0,large-icon-or-logo-candidate,large-non-reusable,,large-non-reusable,当前不纳入：更像人物头像、食物/实物照片或非通用大图。
232,include,icon,点赞,thumbs-up-line,c2e9a240923e7d86.png,https://magic-builder.tos-cn-beijing.volces.com/gtm/pptx-media/v1/icons/thumbs-up-line-05644b45.png,gtm/pptx-media/v1/icons/thumbs-up-line-05644b45.png,96,96,1665,05644b45731bfd3f,icon-candidate,thumbs|up|line,用于 GTM 材料中的功能点、流程、能力或状态表达；优先搭配短标题使用。,,
233,include,icon,形状组合,shapes-line,c52c7954cfd05608.png,https://magic-builder.tos-cn-beijing.volces.com/gtm/pptx-media/v1/icons/shapes-line-94e7be5e.png,gtm/pptx-media/v1/icons/shapes-line-94e7be5e.png,96,96,1705,94e7be5e541892e4,icon-candidate,shapes|line,用于 GTM 材料中的功能点、流程、能力或状态表达；优先搭配短标题使用。,,
234,include,icon,日历 26 应用图标,calendar-26-app-icon-alt,c537c1f1d108908d.png,https://magic-builder.tos-cn-beijing.volces.com/gtm/pptx-media/v1/icons/calendar-26-app-icon-alt-3384e996.png,gtm/pptx-media/v1/icons/calendar-26-app-icon-alt-3384e996.png,680,684,27262,3384e996d5f7dc16,large-icon-or-logo-candidate,calendar|26|app|icon|alt|app-icon,用于 GTM 材料中的功能点、流程、能力或状态表达；优先搭配短标题使用。,,
235,include,icon,接口调试,api-debug-line,c56260bde525697f.png,https://magic-builder.tos-cn-beijing.volces.com/gtm/pptx-media/v1/icons/api-debug-line-36853aa9.png,gtm/pptx-media/v1/icons/api-debug-line-36853aa9.png,96,96,1722,36853aa9c5d48b01,icon-candidate,api|debug|line,用于 GTM 材料中的功能点、流程、能力或状态表达；优先搭配短标题使用。,,
236,include,icon,通知铃,bell-line,c62aa96c25032012.png,https://magic-builder.tos-cn-beijing.volces.com/gtm/pptx-media/v1/icons/bell-line-7d0be2e6.png,gtm/pptx-media/v1/icons/bell-line-7d0be2e6.png,96,96,1207,7d0be2e6d6c6918b,icon-candidate,bell|line,用于 GTM 材料中的功能点、流程、能力或状态表达；优先搭配短标题使用。,,
237,include,icon,用户轮廓,user-outline-alt-line,c66f4d48760bfe0b.png,https://magic-builder.tos-cn-beijing.volces.com/gtm/pptx-media/v1/icons/user-outline-alt-line-46af661e.png,gtm/pptx-media/v1/icons/user-outline-alt-line-46af661e.png,96,96,1707,46af661eee57e0a1,icon-candidate,user|outline|alt|line,用于 GTM 材料中的功能点、流程、能力或状态表达；优先搭配短标题使用。,,
238,include,logo,飞书,feishu-logo-cn-small,c79530d42bdf7e25.png,https://magic-builder.tos-cn-beijing.volces.com/gtm/pptx-media/v1/logos/feishu-logo-cn-small-7ac3f4db.png,gtm/pptx-media/v1/logos/feishu-logo-cn-small-7ac3f4db.png,582,183,7718,7ac3f4dbafbfc2a8,logo-candidate,feishu|logo|cn|small,用于 GTM 材料中的产品、客户或伙伴标识引用；不要拉伸变形，优先保留透明背景。,,
239,include,logo,飞书项目,feishu-project-logo-cn,c84e950fb4330f5b.png,https://magic-builder.tos-cn-beijing.volces.com/gtm/pptx-media/v1/logos/feishu-project-logo-cn-571a7089.png,gtm/pptx-media/v1/logos/feishu-project-logo-cn-571a7089.png,1404,418,17636,571a708935fadc27,logo-candidate,feishu|project|logo|cn,用于 GTM 材料中的产品、客户或伙伴标识引用；不要拉伸变形，优先保留透明背景。,,
240,include,icon,循环节点,cycle-nodes-line,c99b47f042524ca6.png,https://magic-builder.tos-cn-beijing.volces.com/gtm/pptx-media/v1/icons/cycle-nodes-line-4f0e8c6e.png,gtm/pptx-media/v1/icons/cycle-nodes-line-4f0e8c6e.png,96,96,2126,4f0e8c6e018519d7,icon-candidate,cycle|nodes|line,用于 GTM 材料中的功能点、流程、能力或状态表达；优先搭配短标题使用。,,
241,exclude,excluded,other-image,other-image,cb79a2461ba7e11c.png,,,4314,3782,188253,14674c2371ecbf5a,other-candidate,other-image,,other-image,当前不纳入：更像截图、背景、照片、营销文案或装饰元素，不属于本轮 icon/logo 池。
242,include,icon,用户盾牌,shield-user-line,cc25d5ae3f749683.png,https://magic-builder.tos-cn-beijing.volces.com/gtm/pptx-media/v1/icons/shield-user-line-5359698c.png,gtm/pptx-media/v1/icons/shield-user-line-5359698c.png,96,96,2083,5359698c62cd2d0d,icon-candidate,shield|user|line,用于 GTM 材料中的功能点、流程、能力或状态表达；优先搭配短标题使用。,,
243,include,icon,检查清单,checklist-line,cc6c8846edc9c189.png,https://magic-builder.tos-cn-beijing.volces.com/gtm/pptx-media/v1/icons/checklist-line-0bbd092d.png,gtm/pptx-media/v1/icons/checklist-line-0bbd092d.png,96,96,990,0bbd092daec964e8,icon-candidate,checklist|line,用于 GTM 材料中的功能点、流程、能力或状态表达；优先搭配短标题使用。,,
244,include,icon,多人协作,group-line,cd69f7f30e01daeb.png,https://magic-builder.tos-cn-beijing.volces.com/gtm/pptx-media/v1/icons/group-line-372e02eb.png,gtm/pptx-media/v1/icons/group-line-372e02eb.png,96,96,1525,372e02ebaa125bf9,icon-candidate,group|line,用于 GTM 材料中的功能点、流程、能力或状态表达；优先搭配短标题使用。,,
245,include,icon,堆叠图层,stack-layers-line,cf4299f82972c2b0.png,https://magic-builder.tos-cn-beijing.volces.com/gtm/pptx-media/v1/icons/stack-layers-line-6e266859.png,gtm/pptx-media/v1/icons/stack-layers-line-6e266859.png,96,96,1899,6e266859fdabbf76,icon-candidate,stack|layers|line,用于 GTM 材料中的功能点、流程、能力或状态表达；优先搭配短标题使用。,,
246,include,icon,点阵,dot-grid-line,d0432830da6feb79.png,https://magic-builder.tos-cn-beijing.volces.com/gtm/pptx-media/v1/icons/dot-grid-line-5c521a36.png,gtm/pptx-media/v1/icons/dot-grid-line-5c521a36.png,96,96,1685,5c521a3639bb6eb4,icon-candidate,dot|grid|line,用于 GTM 材料中的功能点、流程、能力或状态表达；优先搭配短标题使用。,,
247,include,icon,用户头像,user-profile-alt-line,d1341ad3939e1248.png,https://magic-builder.tos-cn-beijing.volces.com/gtm/pptx-media/v1/icons/user-profile-alt-line-d4627cd5.png,gtm/pptx-media/v1/icons/user-profile-alt-line-d4627cd5.png,96,96,1261,d4627cd5c142bd9a,icon-candidate,user|profile|alt|line,用于 GTM 材料中的功能点、流程、能力或状态表达；优先搭配短标题使用。,,
248,include,icon,三角警告,warning-triangle-line,d13ea668c3d3a608.png,https://magic-builder.tos-cn-beijing.volces.com/gtm/pptx-media/v1/icons/warning-triangle-line-117e89df.png,gtm/pptx-media/v1/icons/warning-triangle-line-117e89df.png,96,96,1707,117e89dff6b3e2e2,icon-candidate,warning|triangle|line,用于 GTM 材料中的功能点、流程、能力或状态表达；优先搭配短标题使用。,,
249,include,logo,飞书招聘,feishu-hire-logo-cn,d2a1101762b7aa3a.png,https://magic-builder.tos-cn-beijing.volces.com/gtm/pptx-media/v1/logos/feishu-hire-logo-cn-986fb5e9.png,gtm/pptx-media/v1/logos/feishu-hire-logo-cn-986fb5e9.png,1425,418,19805,986fb5e9d33f5ff2,logo-candidate,feishu|hire|logo|cn,用于 GTM 材料中的产品、客户或伙伴标识引用；不要拉伸变形，优先保留透明背景。,,
250,exclude,excluded,other-image,other-image,d2ed5cd47e00bcf2.png,,,6036,1872,107532,37ceb6ab2e896a78,other-candidate,other-image,,other-image,当前不纳入：更像截图、背景、照片、营销文案或装饰元素，不属于本轮 icon/logo 池。
251,exclude,excluded,other-image,other-image,d3456ffa1c942dc8.png,,,10475,1185,148050,b1773c1ffab17e92,other-candidate,other-image,,other-image,当前不纳入：更像截图、背景、照片、营销文案或装饰元素，不属于本轮 icon/logo 池。
252,include,logo,飞书,feishu-logo-cn-large,d6589325e30cc912.png,https://magic-builder.tos-cn-beijing.volces.com/gtm/pptx-media/v1/logos/feishu-logo-cn-large-0d158da2.png,gtm/pptx-media/v1/logos/feishu-logo-cn-large-0d158da2.png,2185,689,36302,0d158da2373a7c84,logo-candidate,feishu|logo|cn|large,用于 GTM 材料中的产品、客户或伙伴标识引用；不要拉伸变形，优先保留透明背景。,,
253,include,logo,飞书黑色字标,feishu-logo-cn-black,d6ef9c0153913d4d.png,https://magic-builder.tos-cn-beijing.volces.com/gtm/pptx-media/v1/logos/feishu-logo-cn-black-37ecfef9.png,gtm/pptx-media/v1/logos/feishu-logo-cn-black-37ecfef9.png,1061,318,12371,37ecfef94c89b02a,logo-candidate,feishu|logo|cn|black,用于 GTM 材料中的产品、客户或伙伴标识引用；不要拉伸变形，优先保留透明背景。,,
254,include,icon,靶心应用图标,target-ring-app-icon,d7a1a3a3b463d4b6.png,https://magic-builder.tos-cn-beijing.volces.com/gtm/pptx-media/v1/icons/target-ring-app-icon-c0a65fa7.png,gtm/pptx-media/v1/icons/target-ring-app-icon-c0a65fa7.png,784,788,45757,c0a65fa7efa6652d,large-icon-or-logo-candidate,target|ring|app|icon|app-icon,用于 GTM 材料中的功能点、流程、能力或状态表达；优先搭配短标题使用。,,
255,exclude,excluded,other-image,other-image,d8617b18f7fe3922.png,,,1670,1746,1132182,3e75fc4bc8ae733c,other-candidate,other-image,,other-image,当前不纳入：更像截图、背景、照片、营销文案或装饰元素，不属于本轮 icon/logo 池。
256,include,icon,邮件图标,mail-envelope-color-icon,d878c7867c7b9e88.png,https://magic-builder.tos-cn-beijing.volces.com/gtm/pptx-media/v1/icons/mail-envelope-color-icon-18a4b587.png,gtm/pptx-media/v1/icons/mail-envelope-color-icon-18a4b587.png,736,600,20934,18a4b5877af1ef48,large-icon-or-logo-candidate,mail|envelope|color|icon|app-icon,用于 GTM 材料中的功能点、流程、能力或状态表达；优先搭配短标题使用。,,
257,exclude,excluded,other-image,other-image,da12fbd32e88ac66.jpeg,,,1454,774,92124,ca7903c81481ba8b,other-candidate,other-image,,other-image,当前不纳入：更像截图、背景、照片、营销文案或装饰元素，不属于本轮 icon/logo 池。
258,include,logo,Feishu aily M3,feishu-aily-m3-logo-en-alt,da79e7dc06db0901.png,https://magic-builder.tos-cn-beijing.volces.com/gtm/pptx-media/v1/logos/feishu-aily-m3-logo-en-alt-be229969.png,gtm/pptx-media/v1/logos/feishu-aily-m3-logo-en-alt-be229969.png,1709,417,53443,be229969ec0a2934,logo-candidate,feishu|aily|m3|logo|en|alt,用于 GTM 材料中的产品、客户或伙伴标识引用；不要拉伸变形，优先保留透明背景。,,
259,exclude,excluded,other-image,other-image,db50fdf4a864220d.png,,,1000,500,111038,88780c97aabb9e5b,other-candidate,other-image,,other-image,当前不纳入：更像截图、背景、照片、营销文案或装饰元素，不属于本轮 icon/logo 池。
260,include,icon,监控看板,monitor-analytics-line,db530e9b2022142b.png,https://magic-builder.tos-cn-beijing.volces.com/gtm/pptx-media/v1/icons/monitor-analytics-line-67a7671d.png,gtm/pptx-media/v1/icons/monitor-analytics-line-67a7671d.png,96,96,946,67a7671de2e53244,icon-candidate,monitor|analytics|line,用于 GTM 材料中的功能点、流程、能力或状态表达；优先搭配短标题使用。,,
261,include,icon,AI 刷新,ai-refresh-line,dbf4c9262b825388.png,https://magic-builder.tos-cn-beijing.volces.com/gtm/pptx-media/v1/icons/ai-refresh-line-e9debbf5.png,gtm/pptx-media/v1/icons/ai-refresh-line-e9debbf5.png,96,96,2095,e9debbf54fd5b9a6,icon-candidate,ai|refresh|line,用于 GTM 材料中的功能点、流程、能力或状态表达；优先搭配短标题使用。,,
262,exclude,excluded,large-non-reusable,large-non-reusable,dc0ced06675d1797.png,,,371,371,137362,ceb9f8e8c1a68388,large-icon-or-logo-candidate,large-non-reusable,,large-non-reusable,当前不纳入：更像人物头像、食物/实物照片或非通用大图。
263,include,icon,确认应用图标,checkmark-app-icon,dd8813686c79649d.png,https://magic-builder.tos-cn-beijing.volces.com/gtm/pptx-media/v1/icons/checkmark-app-icon-f84f91bd.png,gtm/pptx-media/v1/icons/checkmark-app-icon-f84f91bd.png,788,788,28533,f84f91bd64d1986d,large-icon-or-logo-candidate,checkmark|app|icon|app-icon,用于 GTM 材料中的功能点、流程、能力或状态表达；优先搭配短标题使用。,,
264,exclude,excluded,metric-text,metric-text,df67549ffd3e2be9.png,,,539,188,6527,589597de4ef92a25,logo-candidate,metric-text,,metric-text,指标文字，不作为可复用 logo
265,include,logo,飞书会议室,feishu-meeting-room-logo-cn,dfd9487073435ec9.png,https://magic-builder.tos-cn-beijing.volces.com/gtm/pptx-media/v1/logos/feishu-meeting-room-logo-cn-b85a8165.png,gtm/pptx-media/v1/logos/feishu-meeting-room-logo-cn-b85a8165.png,2951,543,95394,b85a8165fdb9e1f8,logo-candidate,feishu|meeting|room|logo|cn,用于 GTM 材料中的产品、客户或伙伴标识引用；不要拉伸变形，优先保留透明背景。,,
266,include,icon,飞书妙记应用图标,feishu-minutes-app-icon,e04936988e3ce7e5.png,https://magic-builder.tos-cn-beijing.volces.com/gtm/pptx-media/v1/icons/feishu-minutes-app-icon-3770cfc4.png,gtm/pptx-media/v1/icons/feishu-minutes-app-icon-3770cfc4.png,788,788,43914,3770cfc47002c14b,large-icon-or-logo-candidate,feishu|minutes|app|icon|app-icon,用于 GTM 材料中的功能点、流程、能力或状态表达；优先搭配短标题使用。,,
267,exclude,excluded,large-non-reusable,large-non-reusable,e24ba0f3b74c6ec6.png,,,371,371,135542,ef0eb9046bb23bac,large-icon-or-logo-candidate,large-non-reusable,,large-non-reusable,当前不纳入：更像人物头像、食物/实物照片或非通用大图。
268,exclude,excluded,other-image,other-image,e2cc3c0d5dc3155d.png,,,960,540,225728,467d359ff5780b6e,other-candidate,other-image,,other-image,当前不纳入：更像截图、背景、照片、营销文案或装饰元素，不属于本轮 icon/logo 池。
269,include,icon,更多,ellipsis-circle-line,e31c46b1b4868c10.png,https://magic-builder.tos-cn-beijing.volces.com/gtm/pptx-media/v1/icons/ellipsis-circle-line-17aa187e.png,gtm/pptx-media/v1/icons/ellipsis-circle-line-17aa187e.png,96,96,2020,17aa187e666c533d,icon-candidate,ellipsis|circle|line,用于 GTM 材料中的功能点、流程、能力或状态表达；优先搭配短标题使用。,,
270,include,icon,书本,book-line,e54651be3b930869.png,https://magic-builder.tos-cn-beijing.volces.com/gtm/pptx-media/v1/icons/book-line-4c0300aa.png,gtm/pptx-media/v1/icons/book-line-4c0300aa.png,96,96,1218,4c0300aa67e0330a,icon-candidate,book|line,用于 GTM 材料中的功能点、流程、能力或状态表达；优先搭配短标题使用。,,
271,include,icon,AI 窗口,ai-window-line,e6b1304700eed38d.png,https://magic-builder.tos-cn-beijing.volces.com/gtm/pptx-media/v1/icons/ai-window-line-41e0077a.png,gtm/pptx-media/v1/icons/ai-window-line-41e0077a.png,96,96,1684,41e0077a49f8ed13,icon-candidate,ai|window|line,用于 GTM 材料中的功能点、流程、能力或状态表达；优先搭配短标题使用。,,
272,exclude,excluded,other-image,other-image,e91c0c8f0f0e01ca.png,,,8280,2880,6735991,eb38defac9cf606c,other-candidate,other-image,,other-image,当前不纳入：更像截图、背景、照片、营销文案或装饰元素，不属于本轮 icon/logo 池。
273,include,logo,Feishu Project,feishu-project-logo-en,e95eafae2f279bb8.png,https://magic-builder.tos-cn-beijing.volces.com/gtm/pptx-media/v1/logos/feishu-project-logo-en-ba947375.png,gtm/pptx-media/v1/logos/feishu-project-logo-en-ba947375.png,2142,418,27829,ba9473756a4b14e8,logo-candidate,feishu|project|logo|en,用于 GTM 材料中的产品、客户或伙伴标识引用；不要拉伸变形，优先保留透明背景。,,
274,include,icon,菜单收起,menu-collapse-line,ea73d0a4b3f5ad9e.png,https://magic-builder.tos-cn-beijing.volces.com/gtm/pptx-media/v1/icons/menu-collapse-line-1ebb63c0.png,gtm/pptx-media/v1/icons/menu-collapse-line-1ebb63c0.png,96,96,1131,1ebb63c0375f2e93,icon-candidate,menu|collapse|line,用于 GTM 材料中的功能点、流程、能力或状态表达；优先搭配短标题使用。,,
275,include,logo,Feishu Knowledge AI M5,feishu-knowledge-ai-m5-logo-en,efd08a8c0a333f1f.png,https://magic-builder.tos-cn-beijing.volces.com/gtm/pptx-media/v1/logos/feishu-knowledge-ai-m5-logo-en-6931c30f.png,gtm/pptx-media/v1/logos/feishu-knowledge-ai-m5-logo-en-6931c30f.png,3024,417,118012,6931c30f44f0ee48,logo-candidate,feishu|knowledge|ai|m5|logo|en,用于 GTM 材料中的产品、客户或伙伴标识引用；不要拉伸变形，优先保留透明背景。,,
276,include,icon,爱心,heart-line,f036c268f4df72b6.png,https://magic-builder.tos-cn-beijing.volces.com/gtm/pptx-media/v1/icons/heart-line-0c6cb756.png,gtm/pptx-media/v1/icons/heart-line-0c6cb756.png,96,96,1633,0c6cb756ec0cdc3e,icon-candidate,heart|line,用于 GTM 材料中的功能点、流程、能力或状态表达；优先搭配短标题使用。,,
277,include,icon,盾牌添加,shield-plus-line,f10520cf6eff41a0.png,https://magic-builder.tos-cn-beijing.volces.com/gtm/pptx-media/v1/icons/shield-plus-line-bd6510ef.png,gtm/pptx-media/v1/icons/shield-plus-line-bd6510ef.png,96,96,1752,bd6510ef350ac753,icon-candidate,shield|plus|line,用于 GTM 材料中的功能点、流程、能力或状态表达；优先搭配短标题使用。,,
278,include,icon,机器人,robot-line,f149639a17f83ac5.png,https://magic-builder.tos-cn-beijing.volces.com/gtm/pptx-media/v1/icons/robot-line-bc98fb50.png,gtm/pptx-media/v1/icons/robot-line-bc98fb50.png,96,96,1484,bc98fb505303ccfb,icon-candidate,robot|line,用于 GTM 材料中的功能点、流程、能力或状态表达；优先搭配短标题使用。,,
279,exclude,excluded,other-image,other-image,f15d62bc63903cd1.png,,,2208,1724,83309,3932943490b2e9d6,other-candidate,other-image,,other-image,当前不纳入：更像截图、背景、照片、营销文案或装饰元素，不属于本轮 icon/logo 池。
280,include,icon,红色叉号,x-red-solid,f1c5234a10c60691.png,https://magic-builder.tos-cn-beijing.volces.com/gtm/pptx-media/v1/icons/x-red-solid-e8fd763f.png,gtm/pptx-media/v1/icons/x-red-solid-e8fd763f.png,96,96,2882,e8fd763f6f9b6e73,icon-candidate,x|red|solid|line,用于 GTM 材料中的功能点、流程、能力或状态表达；优先搭配短标题使用。,,
281,include,icon,数据资产,database-coins-line,f1cc2419640a2e24.png,https://magic-builder.tos-cn-beijing.volces.com/gtm/pptx-media/v1/icons/database-coins-line-4bd0dbd4.png,gtm/pptx-media/v1/icons/database-coins-line-4bd0dbd4.png,96,96,2078,4bd0dbd46d00f52e,icon-candidate,database|coins|line,用于 GTM 材料中的功能点、流程、能力或状态表达；优先搭配短标题使用。,,
282,include,icon,代码括号,code-brackets-line,f1d7eaf936ed47e3.png,https://magic-builder.tos-cn-beijing.volces.com/gtm/pptx-media/v1/icons/code-brackets-line-6d249c9a.png,gtm/pptx-media/v1/icons/code-brackets-line-6d249c9a.png,96,96,1774,6d249c9ada5c7f11,icon-candidate,code|brackets|line,用于 GTM 材料中的功能点、流程、能力或状态表达；优先搭配短标题使用。,,
283,include,icon,仪表盘,gauge-line,f2eee9a72061d1bf.png,https://magic-builder.tos-cn-beijing.volces.com/gtm/pptx-media/v1/icons/gauge-line-e6bc3899.png,gtm/pptx-media/v1/icons/gauge-line-e6bc3899.png,96,97,4973,e6bc3899b0274f69,icon-candidate,gauge|line,用于 GTM 材料中的功能点、流程、能力或状态表达；优先搭配短标题使用。,,
284,include,logo,飞书绩效,feishu-performance-logo-cn,f3d01182424ad03c.png,https://magic-builder.tos-cn-beijing.volces.com/gtm/pptx-media/v1/logos/feishu-performance-logo-cn-d279bdbf.png,gtm/pptx-media/v1/logos/feishu-performance-logo-cn-d279bdbf.png,1440,417,24996,d279bdbf497d129a,logo-candidate,feishu|performance|logo|cn,用于 GTM 材料中的产品、客户或伙伴标识引用；不要拉伸变形，优先保留透明背景。,,
285,exclude,excluded,metric-text,metric-text,f5a1f018b39db7cf.png,,,67,26,1000,16c8475a3b794771,icon-candidate,metric-text,,metric-text,指标文字，不作为可复用 icon
286,exclude,excluded,other-image,other-image,f5c863fda4723f28.png,,,2276,1186,5674413,15978737ec14c061,other-candidate,other-image,,other-image,当前不纳入：更像截图、背景、照片、营销文案或装饰元素，不属于本轮 icon/logo 池。
287,exclude,excluded,other-image,other-image,f673a41a0c530fab.png,,,3049,2454,4617331,3844fdc357f2995f,other-candidate,other-image,,other-image,当前不纳入：更像截图、背景、照片、营销文案或装饰元素，不属于本轮 icon/logo 池。
288,exclude,excluded,large-non-reusable,large-non-reusable,f7d51b9aaad1162a.png,,,583,731,576355,c238e1292c241bd9,large-icon-or-logo-candidate,large-non-reusable,,large-non-reusable,当前不纳入：更像人物头像、食物/实物照片或非通用大图。
289,include,logo,Feishu Office,feishu-office-logo-en-alt,f86cd25986881291.png,https://magic-builder.tos-cn-beijing.volces.com/gtm/pptx-media/v1/logos/feishu-office-logo-en-alt-4fb29f92.png,gtm/pptx-media/v1/logos/feishu-office-logo-en-alt-4fb29f92.png,2041,418,26071,4fb29f9251228942,logo-candidate,feishu|office|logo|en|alt,用于 GTM 材料中的产品、客户或伙伴标识引用；不要拉伸变形，优先保留透明背景。,,
290,include,icon,四点宫格,four-dot-grid-line,f8c54e3abd30b1b1.png,https://magic-builder.tos-cn-beijing.volces.com/gtm/pptx-media/v1/icons/four-dot-grid-line-929dc1d0.png,gtm/pptx-media/v1/icons/four-dot-grid-line-929dc1d0.png,96,96,1708,929dc1d011d0ca03,icon-candidate,four|dot|grid|line,用于 GTM 材料中的功能点、流程、能力或状态表达；优先搭配短标题使用。,,
291,exclude,excluded,other-image,other-image,f8d245ed6167b0d8.png,,,2144,1684,541139,1aa79100a9cb4217,other-candidate,other-image,,other-image,当前不纳入：更像截图、背景、照片、营销文案或装饰元素，不属于本轮 icon/logo 池。
292,include,icon,握手,handshake-line,fadd92cee4d27fa3.png,https://magic-builder.tos-cn-beijing.volces.com/gtm/pptx-media/v1/icons/handshake-line-745fc590.png,gtm/pptx-media/v1/icons/handshake-line-745fc590.png,96,96,1515,745fc5902260c777,icon-candidate,handshake|line,用于 GTM 材料中的功能点、流程、能力或状态表达；优先搭配短标题使用。,,
293,exclude,excluded,decorative-line,decorative-line,fb2664faf480b23e.png,,,2196,392,22815,a66f2bb9bd341e7c,logo-candidate,decorative-line,,decorative-line,装饰曲线，不属于本轮 icon/logo 池
294,include,icon,搜索,search-line,fc28c003b91367ee.png,https://magic-builder.tos-cn-beijing.volces.com/gtm/pptx-media/v1/icons/search-line-3f87e7c3.png,gtm/pptx-media/v1/icons/search-line-3f87e7c3.png,96,96,1801,3f87e7c3bba15b6d,icon-candidate,search|line,用于 GTM 材料中的功能点、流程、能力或状态表达；优先搭配短标题使用。,,
295,include,icon,菱形确认,diamond-check-line,fd0cdb640750c21a.png,https://magic-builder.tos-cn-beijing.volces.com/gtm/pptx-media/v1/icons/diamond-check-line-07511425.png,gtm/pptx-media/v1/icons/diamond-check-line-07511425.png,96,96,1525,07511425edc5b3ad,icon-candidate,diamond|check|line,用于 GTM 材料中的功能点、流程、能力或状态表达；优先搭配短标题使用。,,
296,exclude,excluded,other-image,other-image,fd1c5e2c612d80c2.png,,,1239,872,1930640,6f083e685690e55d,other-candidate,other-image,,other-image,当前不纳入：更像截图、背景、照片、营销文案或装饰元素，不属于本轮 icon/logo 池。
297,include,icon,解锁,unlock-line,fda00381edcabad5.png,https://magic-builder.tos-cn-beijing.volces.com/gtm/pptx-media/v1/icons/unlock-line-8053bd06.png,gtm/pptx-media/v1/icons/unlock-line-8053bd06.png,96,96,1207,8053bd064cca7725,icon-candidate,unlock|line,用于 GTM 材料中的功能点、流程、能力或状态表达；优先搭配短标题使用。,,
298,exclude,excluded,other-image,other-image,fe0be4b4d6325923.png,,,4401,1530,5134631,fa9a4e283d2a5656,other-candidate,other-image,,other-image,当前不纳入：更像截图、背景、照片、营销文案或装饰元素，不属于本轮 icon/logo 池。
299,exclude,excluded,other-image,other-image,ff72104dbd4a73a6.png,,,5760,3240,10691474,c005cf80fb97fde1,other-candidate,other-image,,other-image,当前不纳入：更像截图、背景、照片、营销文案或装饰元素，不属于本轮 icon/logo 池。
