idx,file,path,ext,bytes,sha16,width,height,ratio,bucket
1,007c9627af7e0fe8.png,dist/assets/pptx-media/007c9627af7e0fe8.png,png,38609,f745f43f46d23703,788,788,1.0,large-icon-or-logo-candidate
2,0081b693f8e229dc.png,dist/assets/pptx-media/0081b693f8e229dc.png,png,1620,fe919930175ecd2a,96,96,1.0,icon-candidate
3,00ad799ca0f5b0f9.png,dist/assets/pptx-media/00ad799ca0f5b0f9.png,png,28989,9fda45d75d6e70f0,784,784,1.0,large-icon-or-logo-candidate
4,00b007938d7b80bd.png,dist/assets/pptx-media/00b007938d7b80bd.png,png,1172,0009b008321b3993,96,96,1.0,icon-candidate
5,0155f5e8fed3b5ec.png,dist/assets/pptx-media/0155f5e8fed3b5ec.png,png,126559,b497139868cc33a3,2164,1696,1.276,other-candidate
6,015725b38d8cbe66.png,dist/assets/pptx-media/015725b38d8cbe66.png,png,901,f86c74aeea7736d4,96,96,1.0,icon-candidate
7,019f6500aa3ac44c.png,dist/assets/pptx-media/019f6500aa3ac44c.png,png,31902,c631e5b1a608138b,784,784,1.0,large-icon-or-logo-candidate
8,02a17cc4064075db.png,dist/assets/pptx-media/02a17cc4064075db.png,png,394770,85355e45e000f789,1416,1010,1.402,other-candidate
9,02bc9c904821ed62.png,dist/assets/pptx-media/02bc9c904821ed62.png,png,37287,cbef5c1b7d6de83c,784,784,1.0,large-icon-or-logo-candidate
10,02ff194a6c99225a.png,dist/assets/pptx-media/02ff194a6c99225a.png,png,2963144,7c63b5a5b55a5ba4,4828,4484,1.077,other-candidate
11,039298b1d47d5f5c.png,dist/assets/pptx-media/039298b1d47d5f5c.png,png,988,2d5723f386820e8a,96,96,1.0,icon-candidate
12,03bfceac5459f168.jpg,dist/assets/pptx-media/03bfceac5459f168.jpg,jpg,2114874,c1ff5c664384104a,5760,3240,1.778,other-candidate
13,0558f754dba3bfdf.png,dist/assets/pptx-media/0558f754dba3bfdf.png,png,37763,78185a14a429b473,788,788,1.0,large-icon-or-logo-candidate
14,059e3fbf526f097c.png,dist/assets/pptx-media/059e3fbf526f097c.png,png,1706,019a04cbb797da01,96,96,1.0,icon-candidate
15,0606bba5fec31d6a.png,dist/assets/pptx-media/0606bba5fec31d6a.png,png,152498,4f3c672db1811ff3,371,371,1.0,large-icon-or-logo-candidate
16,0749c41196e45f5d.png,dist/assets/pptx-media/0749c41196e45f5d.png,png,229716,25a78cdf4e3c94ad,3034,735,4.128,logo-candidate
17,08bf3a9e90ef777f.png,dist/assets/pptx-media/08bf3a9e90ef777f.png,png,16618,0ff6c1a46abf6458,1235,418,2.955,logo-candidate
18,0955a6ce25efe281.png,dist/assets/pptx-media/0955a6ce25efe281.png,png,121613,a90cab6f561e82a9,371,371,1.0,large-icon-or-logo-candidate
19,0985820158633f16.png,dist/assets/pptx-media/0985820158633f16.png,png,1592,8a0fde4d21c59d8a,96,96,1.0,icon-candidate
20,0ac4a972380156a6.png,dist/assets/pptx-media/0ac4a972380156a6.png,png,1830,18c0564053afbd6f,96,96,1.0,icon-candidate
21,0b4c0d3891f4dd34.png,dist/assets/pptx-media/0b4c0d3891f4dd34.png,png,1680,f334ad050fe8575e,96,96,1.0,icon-candidate
22,0d8c4d5e4fb2af64.png,dist/assets/pptx-media/0d8c4d5e4fb2af64.png,png,2129,f8090d56006b61fb,96,96,1.0,icon-candidate
23,0e0837affdf09225.png,dist/assets/pptx-media/0e0837affdf09225.png,png,1293,d9f646911f6d81b5,190,224,0.848,other-candidate
24,0e84cc002d656b8d.png,dist/assets/pptx-media/0e84cc002d656b8d.png,png,1365,dd5b8653e27dd107,96,96,1.0,icon-candidate
25,0f9f6f7f863e2558.png,dist/assets/pptx-media/0f9f6f7f863e2558.png,png,2045,329d821c3a29142e,96,96,1.0,icon-candidate
26,1307195857c1c165.png,dist/assets/pptx-media/1307195857c1c165.png,png,4394339,ef7050c83b9bfe56,4004,2642,1.516,other-candidate
27,14cfd839ad465a63.png,dist/assets/pptx-media/14cfd839ad465a63.png,png,89180,7d74d4f8bdda120d,1185,417,2.842,logo-candidate
28,152dadcf7e952d4e.png,dist/assets/pptx-media/152dadcf7e952d4e.png,png,2210,87cfdba803de4d41,96,96,1.0,icon-candidate
29,1680a7cb41534c7c.png,dist/assets/pptx-media/1680a7cb41534c7c.png,png,115065,fb159d7d9c58685c,370,371,0.997,large-icon-or-logo-candidate
30,1694bc1d8cd2a0fb.png,dist/assets/pptx-media/1694bc1d8cd2a0fb.png,png,8875,42e9b6d51c9944b3,883,188,4.697,logo-candidate
31,16a4761efc8c063f.png,dist/assets/pptx-media/16a4761efc8c063f.png,png,1570,e544f0499002926b,96,96,1.0,icon-candidate
32,197bffb3cd81c93f.png,dist/assets/pptx-media/197bffb3cd81c93f.png,png,25766,8831291a7a9b6dc1,788,788,1.0,large-icon-or-logo-candidate
33,1a371697ae600ace.png,dist/assets/pptx-media/1a371697ae600ace.png,png,5319,cbfa08032c52fb04,16,1140,0.014,other-candidate
34,1dfe6e9880e63abb.png,dist/assets/pptx-media/1dfe6e9880e63abb.png,png,1491,7ce64be9ef647c5f,96,96,1.0,icon-candidate
35,1ec0487b12e47ba3.png,dist/assets/pptx-media/1ec0487b12e47ba3.png,png,1612,c904a88a58a0510c,96,96,1.0,icon-candidate
36,1f910f6c8f80b9c1.png,dist/assets/pptx-media/1f910f6c8f80b9c1.png,png,14139,9754923fb89d51c7,1034,326,3.172,logo-candidate
37,1f9e13756ae21f1e.png,dist/assets/pptx-media/1f9e13756ae21f1e.png,png,1616,2dc9183a82cb0712,96,96,1.0,icon-candidate
38,218fa5b929300c78.png,dist/assets/pptx-media/218fa5b929300c78.png,png,106718,8057a7d50f13fb87,2235,417,5.36,logo-candidate
39,221b6d1eb7e63021.png,dist/assets/pptx-media/221b6d1eb7e63021.png,png,1784,1a611e51e5ac39ca,96,96,1.0,icon-candidate
40,2351aaabe2f614e8.png,dist/assets/pptx-media/2351aaabe2f614e8.png,png,1698,065087a105e345e5,96,96,1.0,icon-candidate
41,254ef41520870317.png,dist/assets/pptx-media/254ef41520870317.png,png,286311,c8b131e6b46a219b,580,580,1.0,large-icon-or-logo-candidate
42,25722f297895d4ae.png,dist/assets/pptx-media/25722f297895d4ae.png,png,39333,649700903df74a17,1024,1024,1.0,large-icon-or-logo-candidate
43,2593e92000a220ec.png,dist/assets/pptx-media/2593e92000a220ec.png,png,46717,5b6af8c20d9eb8c4,2333,418,5.581,logo-candidate
44,262580914d0cb8e0.png,dist/assets/pptx-media/262580914d0cb8e0.png,png,2494679,3f890e1107ad2d97,1264,1517,0.833,other-candidate
45,269b73e502bb726c.png,dist/assets/pptx-media/269b73e502bb726c.png,png,1398,8daa4a3092aeee2b,96,96,1.0,icon-candidate
46,274841c034e38a03.png,dist/assets/pptx-media/274841c034e38a03.png,png,957,5dec8a827bd85d16,96,96,1.0,icon-candidate
47,293269c2527f61ae.png,dist/assets/pptx-media/293269c2527f61ae.png,png,178479,74f45af487d5b153,5697,3145,1.811,other-candidate
48,2a1d158b6e98428f.png,dist/assets/pptx-media/2a1d158b6e98428f.png,png,2178,05e596d825a0a6be,96,96,1.0,icon-candidate
49,2b798c99a0609e29.jpeg,dist/assets/pptx-media/2b798c99a0609e29.jpeg,jpeg,41505,d5345b4242e112ec,427,263,1.624,other-candidate
50,2bf6f9b662ff534e.png,dist/assets/pptx-media/2bf6f9b662ff534e.png,png,29668,f83dddb3009f2861,784,788,0.995,large-icon-or-logo-candidate
51,2d2b36c2ee485ac7.png,dist/assets/pptx-media/2d2b36c2ee485ac7.png,png,26000,fe170e8bba7a72be,2003,418,4.792,logo-candidate
52,2e10cadf46d95b5f.png,dist/assets/pptx-media/2e10cadf46d95b5f.png,png,175751,c5fad7698a7430a1,11117,1214,9.157,other-candidate
53,2fe88ce0dd93a4b2.png,dist/assets/pptx-media/2fe88ce0dd93a4b2.png,png,1827,8a082731286701c8,96,96,1.0,icon-candidate
54,306e3e3f8fc9e59b.png,dist/assets/pptx-media/306e3e3f8fc9e59b.png,png,13309,93c15b8b9c9c996b,932,418,2.23,logo-candidate
55,32ec464138375dbe.png,dist/assets/pptx-media/32ec464138375dbe.png,png,1611,bb35be2d5f5661f8,96,96,1.0,icon-candidate
56,33198493b017095a.png,dist/assets/pptx-media/33198493b017095a.png,png,3431,69a90241c0773a9c,23,190,0.121,other-candidate
57,33c6da4f7a6f63d2.png,dist/assets/pptx-media/33c6da4f7a6f63d2.png,png,25179,619cc4954c0fac6a,1913,418,4.577,logo-candidate
58,346c5453de44f9eb.png,dist/assets/pptx-media/346c5453de44f9eb.png,png,21829,a0c1376f8ec351ea,1771,418,4.237,logo-candidate
59,3697b3f2edc44ee9.png,dist/assets/pptx-media/3697b3f2edc44ee9.png,png,1433,e4af71b5b3601c4f,96,96,1.0,icon-candidate
60,38134e9b2e811efa.png,dist/assets/pptx-media/38134e9b2e811efa.png,png,1494,707e9a00ec794017,96,96,1.0,icon-candidate
61,38c49b3cea755150.png,dist/assets/pptx-media/38c49b3cea755150.png,png,4621,b9818c68b1b36984,96,97,0.99,icon-candidate
62,3904b80d255a1608.png,dist/assets/pptx-media/3904b80d255a1608.png,png,79747,a076d49128c25aae,2168,543,3.993,logo-candidate
63,397fe590b39154b4.png,dist/assets/pptx-media/397fe590b39154b4.png,png,1193,246fc7ccae1b9b39,96,96,1.0,icon-candidate
64,3acfb7fc5171ce0e.png,dist/assets/pptx-media/3acfb7fc5171ce0e.png,png,42888,90609ea04c99fb0d,1760,418,4.211,logo-candidate
65,3b2fc3af7fbf2dd2.png,dist/assets/pptx-media/3b2fc3af7fbf2dd2.png,png,754737,dc320b8bc3d1b59a,3332,4804,0.694,other-candidate
66,3b957b1496c9b927.png,dist/assets/pptx-media/3b957b1496c9b927.png,png,43234,73eac58c17b549a6,1681,417,4.031,logo-candidate
67,3dcaf1285290267a.png,dist/assets/pptx-media/3dcaf1285290267a.png,png,1581,ab647a1cb64218cc,96,96,1.0,icon-candidate
68,410cc507df1e03cf.png,dist/assets/pptx-media/410cc507df1e03cf.png,png,1514,c36a05369efbb5f9,96,96,1.0,icon-candidate
69,4554ef58edfc89d1.png,dist/assets/pptx-media/4554ef58edfc89d1.png,png,367354,54dda2e2e40a42e4,5252,1643,3.197,other-candidate
70,45f88bb9977acc63.png,dist/assets/pptx-media/45f88bb9977acc63.png,png,1145,7068c1f99f14915b,96,96,1.0,icon-candidate
71,47185783db7b73e3.png,dist/assets/pptx-media/47185783db7b73e3.png,png,1315,7ea0f511418fe5c6,96,96,1.0,icon-candidate
72,4816de094aaf8f83.png,dist/assets/pptx-media/4816de094aaf8f83.png,png,17102021,884e1afde07e8885,8280,2880,2.875,other-candidate
73,49da7f3dd752f52b.png,dist/assets/pptx-media/49da7f3dd752f52b.png,png,1684,14f7550f42d61ac3,96,96,1.0,icon-candidate
74,4a52644458264c9e.png,dist/assets/pptx-media/4a52644458264c9e.png,png,121283,0d7deb3e59910548,370,371,0.997,large-icon-or-logo-candidate
75,4cfbf4d0ab64daf4.png,dist/assets/pptx-media/4cfbf4d0ab64daf4.png,png,24537,9907c50b74a9d789,1847,417,4.429,logo-candidate
76,4de48b7a2bc4ba6c.png,dist/assets/pptx-media/4de48b7a2bc4ba6c.png,png,26580,82a6e1956c6b79dc,784,784,1.0,large-icon-or-logo-candidate
77,4e674d95af6566e1.png,dist/assets/pptx-media/4e674d95af6566e1.png,png,1850,85b88c18df635843,96,96,1.0,icon-candidate
78,4f4afc2549aa721c.png,dist/assets/pptx-media/4f4afc2549aa721c.png,png,144689,1ef33fb56fada52d,3034,735,4.128,logo-candidate
79,4fd246f92ff8af99.png,dist/assets/pptx-media/4fd246f92ff8af99.png,png,27706,738458f6095f46c1,784,788,0.995,large-icon-or-logo-candidate
80,5155306be12707a8.png,dist/assets/pptx-media/5155306be12707a8.png,png,31294,069e9fb0618edd1d,784,784,1.0,large-icon-or-logo-candidate
81,528b09fad3e307bb.png,dist/assets/pptx-media/528b09fad3e307bb.png,png,1258,1ba6ebabec8286de,190,224,0.848,other-candidate
82,55adb414daa2a42b.png,dist/assets/pptx-media/55adb414daa2a42b.png,png,6652,e8bc73186e8b1bba,442,149,2.966,logo-candidate
83,569668d9d0f33387.png,dist/assets/pptx-media/569668d9d0f33387.png,png,2128,8de1314a75004a75,96,96,1.0,icon-candidate
84,56cdfd9d3d5a7cdf.png,dist/assets/pptx-media/56cdfd9d3d5a7cdf.png,png,1595,ba6517cf5c156c2c,96,96,1.0,icon-candidate
85,57435b10d51be8ad.png,dist/assets/pptx-media/57435b10d51be8ad.png,png,1076,b0fcf2a05db73cdd,96,96,1.0,icon-candidate
86,5773381ab52790fb.png,dist/assets/pptx-media/5773381ab52790fb.png,png,1099,ff7e52ed5b9f1871,96,96,1.0,icon-candidate
87,57a9fc797aecd8c6.png,dist/assets/pptx-media/57a9fc797aecd8c6.png,png,47669,6b2f93c51b1e43fa,2684,418,6.421,logo-candidate
88,59bfc32a2191d2b9.png,dist/assets/pptx-media/59bfc32a2191d2b9.png,png,1478,d3e4b7e4b6f2fde8,96,96,1.0,icon-candidate
89,59d8e6f929dfcdaf.png,dist/assets/pptx-media/59d8e6f929dfcdaf.png,png,1316,855147504f0e9b1d,96,96,1.0,icon-candidate
90,5b88486e739bbc7b.png,dist/assets/pptx-media/5b88486e739bbc7b.png,png,2074,4cbae0a1e824f11e,96,96,1.0,icon-candidate
91,5be6d8ddee1958d5.png,dist/assets/pptx-media/5be6d8ddee1958d5.png,png,1509,d6666cc8941bb97c,96,96,1.0,icon-candidate
92,5c77177ba3127208.png,dist/assets/pptx-media/5c77177ba3127208.png,png,1695,ef2b2d8a3a248993,96,96,1.0,icon-candidate
93,5cfa40729e3c636e.png,dist/assets/pptx-media/5cfa40729e3c636e.png,png,17041,a4edaec6a1dd8b99,425,199,2.136,logo-candidate
94,5cfef117c6af51ea.png,dist/assets/pptx-media/5cfef117c6af51ea.png,png,1573,0703b156bb23036c,96,96,1.0,icon-candidate
95,5ee37433a8567767.png,dist/assets/pptx-media/5ee37433a8567767.png,png,709863,5aec626edc683ae6,2660,867,3.068,other-candidate
96,5f59bdda82f52155.png,dist/assets/pptx-media/5f59bdda82f52155.png,png,145848,2508c42d5681b232,370,371,0.997,large-icon-or-logo-candidate
97,5fce6b7a20086ded.png,dist/assets/pptx-media/5fce6b7a20086ded.png,png,929690,0c20ec120bd92272,1323,780,1.696,other-candidate
98,6094a3077e72335d.png,dist/assets/pptx-media/6094a3077e72335d.png,png,45874,558cce60d8fefa51,2000,417,4.796,logo-candidate
99,6126b2089946ea7d.png,dist/assets/pptx-media/6126b2089946ea7d.png,png,1288,880295c116527314,96,96,1.0,icon-candidate
100,628b9ff97a86d46e.png,dist/assets/pptx-media/628b9ff97a86d46e.png,png,93045,beb4f540b9870c58,1511,417,3.624,logo-candidate
101,62974cee3c7526b4.png,dist/assets/pptx-media/62974cee3c7526b4.png,png,1637,164ef826cf40a484,96,96,1.0,icon-candidate
102,629a9a311157f43c.png,dist/assets/pptx-media/629a9a311157f43c.png,png,23784,d7c413222cfcc715,1722,418,4.12,logo-candidate
103,629b68634a5b28df.png,dist/assets/pptx-media/629b68634a5b28df.png,png,26474,1dbfedea63507697,788,788,1.0,large-icon-or-logo-candidate
104,64a5ca2b4a3aab78.png,dist/assets/pptx-media/64a5ca2b4a3aab78.png,png,21153,15d13e242d3fabe6,888,236,3.763,logo-candidate
105,65d2f061d654acae.png,dist/assets/pptx-media/65d2f061d654acae.png,png,40952,9a53dbba11028129,2620,418,6.268,logo-candidate
106,6646fc17314ef42a.png,dist/assets/pptx-media/6646fc17314ef42a.png,png,26704,a37db9d8acbd7f42,2192,417,5.257,logo-candidate
107,66e4e414512b5574.png,dist/assets/pptx-media/66e4e414512b5574.png,png,93064,ab4911ca53a3eae4,864,7067,0.122,other-candidate
108,6763ff489114bf3c.png,dist/assets/pptx-media/6763ff489114bf3c.png,png,26912,ac81828c56dc3772,1932,418,4.622,logo-candidate
109,67a250c510052d8f.png,dist/assets/pptx-media/67a250c510052d8f.png,png,1933,e5f5ff624da6f8e0,96,96,1.0,icon-candidate
110,686657b7b77dbe4b.png,dist/assets/pptx-media/686657b7b77dbe4b.png,png,2348840,d349b56f1e8fb251,4782,2736,1.748,other-candidate
111,68c87366f3f2c0f1.png,dist/assets/pptx-media/68c87366f3f2c0f1.png,png,55894,2b944016d1fa72e8,1983,417,4.755,logo-candidate
112,693432e14452ee90.png,dist/assets/pptx-media/693432e14452ee90.png,png,34351,7e732a21f3ae6f52,808,720,1.122,large-icon-or-logo-candidate
113,6ab41e23adc6772b.png,dist/assets/pptx-media/6ab41e23adc6772b.png,png,2931222,48012bca6615dc4f,3359,2099,1.6,other-candidate
114,6ab74fdce2f432a7.png,dist/assets/pptx-media/6ab74fdce2f432a7.png,png,1480,a33c521b4514856c,96,96,1.0,icon-candidate
115,6c091d7547925fae.png,dist/assets/pptx-media/6c091d7547925fae.png,png,686378,72654dbf29759520,2589,1009,2.566,other-candidate
116,6d6a6910c1536ee0.png,dist/assets/pptx-media/6d6a6910c1536ee0.png,png,3349,e14c737f8bd7e27e,22,2475,0.009,other-candidate
117,6d89be707e8e87dd.png,dist/assets/pptx-media/6d89be707e8e87dd.png,png,32365,4a3d9a87875210d0,788,788,1.0,large-icon-or-logo-candidate
118,70261b4ec331edb9.png,dist/assets/pptx-media/70261b4ec331edb9.png,png,29582,f00e7c9929ec438e,788,788,1.0,large-icon-or-logo-candidate
119,70f40590943bfa16.png,dist/assets/pptx-media/70f40590943bfa16.png,png,24613,f80ac00dcd675c4b,580,580,1.0,large-icon-or-logo-candidate
120,71440ab9c990dcce.png,dist/assets/pptx-media/71440ab9c990dcce.png,png,2472,2ba60619e73a3b14,600,300,2.0,other-candidate
121,727edf778ae14b93.png,dist/assets/pptx-media/727edf778ae14b93.png,png,34763,d30a34287bd90206,1688,417,4.048,logo-candidate
122,728284ddb37d8746.png,dist/assets/pptx-media/728284ddb37d8746.png,png,116306,1990a84f9388c8f4,371,371,1.0,large-icon-or-logo-candidate
123,72b865cb08503d22.png,dist/assets/pptx-media/72b865cb08503d22.png,png,1898,f78cd60f614c0b86,96,96,1.0,icon-candidate
124,7301005f37f21d42.png,dist/assets/pptx-media/7301005f37f21d42.png,png,2356,c632a01cf7bcfd7f,96,96,1.0,icon-candidate
125,73244d313c20ed0b.png,dist/assets/pptx-media/73244d313c20ed0b.png,png,1901,117e094ce403ec05,96,96,1.0,icon-candidate
126,73c341f46b9816ce.png,dist/assets/pptx-media/73c341f46b9816ce.png,png,1493,ad13a0485a27a3ff,96,96,1.0,icon-candidate
127,7423bfddbabf8232.png,dist/assets/pptx-media/7423bfddbabf8232.png,png,35668,7d462b13619898ab,1697,790,2.148,other-candidate
128,744ebf066c8cc432.png,dist/assets/pptx-media/744ebf066c8cc432.png,png,1377,f064708e429d4c9e,96,96,1.0,icon-candidate
129,748861cbc203d394.png,dist/assets/pptx-media/748861cbc203d394.png,png,1894,8686aa096161dbda,96,96,1.0,icon-candidate
130,7546062c7214735f.png,dist/assets/pptx-media/7546062c7214735f.png,png,33204,a29bb3d10a55dcf1,784,784,1.0,large-icon-or-logo-candidate
131,782654115b739b4c.png,dist/assets/pptx-media/782654115b739b4c.png,png,1847,34425b3a5ad42086,96,96,1.0,icon-candidate
132,783f624ca78241ef.png,dist/assets/pptx-media/783f624ca78241ef.png,png,29969,2407da381253f3fb,927,224,4.138,logo-candidate
133,79537a3295e5735a.png,dist/assets/pptx-media/79537a3295e5735a.png,png,2277,69b17c233bed537f,96,96,1.0,icon-candidate
134,7a6471c1e252259a.png,dist/assets/pptx-media/7a6471c1e252259a.png,png,183674,a90942f986914bf4,1920,1080,1.778,other-candidate
135,7abe93b4391fc455.png,dist/assets/pptx-media/7abe93b4391fc455.png,png,35889,e86b64f0575a3266,1187,215,5.521,logo-candidate
136,7b0bdb056d319311.png,dist/assets/pptx-media/7b0bdb056d319311.png,png,99563,e89ba67e89f11ca4,1803,1803,1.0,other-candidate
137,7b3a916b4f85c635.png,dist/assets/pptx-media/7b3a916b4f85c635.png,png,50528,5a944ba74799a825,1023,423,2.418,logo-candidate
138,7b8d7aeb7574b22c.png,dist/assets/pptx-media/7b8d7aeb7574b22c.png,png,94970,d6cd2f939e6d8735,864,6645,0.13,other-candidate
139,7c9d4b72dcf17a6b.png,dist/assets/pptx-media/7c9d4b72dcf17a6b.png,png,2694,8bc0fc9046ef6880,96,96,1.0,icon-candidate
140,7d27d110df1eea5e.png,dist/assets/pptx-media/7d27d110df1eea5e.png,png,1547,299ff9142fb494b9,96,96,1.0,icon-candidate
141,7d9d8b865ccd8dc9.png,dist/assets/pptx-media/7d9d8b865ccd8dc9.png,png,181408,3448cf17a3aa399f,4348,3820,1.138,other-candidate
142,7e43583df202e745.png,dist/assets/pptx-media/7e43583df202e745.png,png,1414705,277f56899c32b870,12420,4320,2.875,other-candidate
143,7eade25d7dfd8233.png,dist/assets/pptx-media/7eade25d7dfd8233.png,png,731,605d7de10047e3b7,82,26,3.154,icon-candidate
144,7efc8dc96a9d0a18.png,dist/assets/pptx-media/7efc8dc96a9d0a18.png,png,99128,795e31878d692790,2068,1368,1.512,other-candidate
145,7f66c7f7d21aad17.png,dist/assets/pptx-media/7f66c7f7d21aad17.png,png,1592,0d9e9fdef50710cb,96,96,1.0,icon-candidate
146,80a90c8bb3348e66.png,dist/assets/pptx-media/80a90c8bb3348e66.png,png,849,e18154931f349bd7,96,96,1.0,icon-candidate
147,80cef12ea710a61e.png,dist/assets/pptx-media/80cef12ea710a61e.png,png,2596,9ffbd272d2e09636,96,96,1.0,icon-candidate
148,8151698eea632296.png,dist/assets/pptx-media/8151698eea632296.png,png,62503,046c196f924e977c,542,399,1.358,other-candidate
149,82b20e64a807a1e4.png,dist/assets/pptx-media/82b20e64a807a1e4.png,png,166607,3b2bf78f1b21981d,371,371,1.0,large-icon-or-logo-candidate
150,8379a50c7287aa1c.png,dist/assets/pptx-media/8379a50c7287aa1c.png,png,32771,b73bf7ce9d8d92e7,2420,417,5.803,logo-candidate
151,84c699d6c4f1d99f.png,dist/assets/pptx-media/84c699d6c4f1d99f.png,png,1735,1a0156a9f43ac129,96,96,1.0,icon-candidate
152,84f13ead6f5b7026.png,dist/assets/pptx-media/84f13ead6f5b7026.png,png,3393,9c67b7fe9db44971,300,148,2.027,logo-candidate
153,86a42cf94fdfdaa7.png,dist/assets/pptx-media/86a42cf94fdfdaa7.png,png,32775,535cefb9bab1a29a,2782,417,6.671,logo-candidate
154,87db19d23d312115.png,dist/assets/pptx-media/87db19d23d312115.png,png,806927,22045d067de6de4e,800,800,1.0,large-icon-or-logo-candidate
155,8820aa6f3719cf1d.png,dist/assets/pptx-media/8820aa6f3719cf1d.png,png,1088,33908edea8e90631,96,96,1.0,icon-candidate
156,8b37a7696483eecc.png,dist/assets/pptx-media/8b37a7696483eecc.png,png,78428,311cc64199519b84,2500,1499,1.668,other-candidate
157,8cf6ffe459a7ec56.png,dist/assets/pptx-media/8cf6ffe459a7ec56.png,png,3651,a3207075cbaa5fb3,89,89,1.0,icon-candidate
158,8cf9918876acc13f.png,dist/assets/pptx-media/8cf9918876acc13f.png,png,28277,9e653c153516cf5b,788,784,1.005,large-icon-or-logo-candidate
159,9034d2ae6aaf0c2b.png,dist/assets/pptx-media/9034d2ae6aaf0c2b.png,png,150454,fe5c6fbda6edb285,2016,672,3.0,logo-candidate
160,9046520727b55e57.png,dist/assets/pptx-media/9046520727b55e57.png,png,994,406c6af3264e920f,96,96,1.0,icon-candidate
161,913ffc9d345ae1b1.png,dist/assets/pptx-media/913ffc9d345ae1b1.png,png,2363,7e1667dbcdde7cd5,96,96,1.0,icon-candidate
162,9140a4bcad1a9c4a.png,dist/assets/pptx-media/9140a4bcad1a9c4a.png,png,18378,9823bec244426994,1420,417,3.405,logo-candidate
163,91490351f79cf2cf.png,dist/assets/pptx-media/91490351f79cf2cf.png,png,1764,bb0487f155f173ef,96,96,1.0,icon-candidate
164,9249fa111beee451.png,dist/assets/pptx-media/9249fa111beee451.png,png,1599,df333c38cafed31f,96,96,1.0,icon-candidate
165,928e69bfa628313e.png,dist/assets/pptx-media/928e69bfa628313e.png,png,23588,b8269064f10f4b97,1683,418,4.026,logo-candidate
166,95503602738d9e22.png,dist/assets/pptx-media/95503602738d9e22.png,png,1114,c3fe9e616c483e02,96,96,1.0,icon-candidate
167,9633c624c96b21bf.png,dist/assets/pptx-media/9633c624c96b21bf.png,png,31965,1d12f38d8bc2e07b,1946,417,4.667,logo-candidate
168,964f28cc7c209d19.png,dist/assets/pptx-media/964f28cc7c209d19.png,png,36085,50070845b419c1f6,784,788,0.995,large-icon-or-logo-candidate
169,966d67ff63dbcc59.png,dist/assets/pptx-media/966d67ff63dbcc59.png,png,1477,b31f3636708731fd,96,96,1.0,icon-candidate
170,978fcb8d795b97cf.png,dist/assets/pptx-media/978fcb8d795b97cf.png,png,2024,19f0c2c34a4526d5,96,96,1.0,icon-candidate
171,9795af3ccf6eb151.png,dist/assets/pptx-media/9795af3ccf6eb151.png,png,38543,2154d751d99d3b47,784,784,1.0,large-icon-or-logo-candidate
172,97c71f315c3919a9.png,dist/assets/pptx-media/97c71f315c3919a9.png,png,1824,ff74d4b64e4883a8,96,96,1.0,icon-candidate
173,984faae5892b890a.png,dist/assets/pptx-media/984faae5892b890a.png,png,190545,4e9abcc28e9249fd,6289,3287,1.913,other-candidate
174,98d057d0474ae4b2.png,dist/assets/pptx-media/98d057d0474ae4b2.png,png,18184,d6d758cc311a9532,760,240,3.167,logo-candidate
175,98d9096d0e722f90.png,dist/assets/pptx-media/98d9096d0e722f90.png,png,1194,f212ec5beb52b32c,96,96,1.0,icon-candidate
176,992cd65a40609062.png,dist/assets/pptx-media/992cd65a40609062.png,png,2870842,822d225af0ab9ac0,1920,1332,1.441,other-candidate
177,9a02ea22acfd3784.png,dist/assets/pptx-media/9a02ea22acfd3784.png,png,6619,c70d714a4269b7b7,236,256,0.922,other-candidate
178,9bf7e6e02aa80a2b.png,dist/assets/pptx-media/9bf7e6e02aa80a2b.png,png,171,ef09d4486ed16ea3,99,106,0.934,icon-candidate
179,9d0e262f50905444.png,dist/assets/pptx-media/9d0e262f50905444.png,png,1086,110443d5bb38e1c7,96,96,1.0,icon-candidate
180,9d43f3e97a8af812.png,dist/assets/pptx-media/9d43f3e97a8af812.png,png,31784,aa0fa92e731017de,784,784,1.0,large-icon-or-logo-candidate
181,9ea9f4536b6f5a71.png,dist/assets/pptx-media/9ea9f4536b6f5a71.png,png,1983,62b7b6741114f16f,96,96,1.0,icon-candidate
182,9fadf1458a33d8b3.png,dist/assets/pptx-media/9fadf1458a33d8b3.png,png,1224,72d0a7cff6a96fa6,75,26,2.885,icon-candidate
183,a0141c60b9a4f794.png,dist/assets/pptx-media/a0141c60b9a4f794.png,png,1876,1137f7cc4f76e4ac,96,96,1.0,icon-candidate
184,a036319fe61f83ae.png,dist/assets/pptx-media/a036319fe61f83ae.png,png,34220,e3040d7fdeeb3ebf,784,788,0.995,large-icon-or-logo-candidate
185,a0399f7b86c6dcd3.png,dist/assets/pptx-media/a0399f7b86c6dcd3.png,png,1294,9160464e70b774e0,190,224,0.848,other-candidate
186,a081f44dc9ae62db.png,dist/assets/pptx-media/a081f44dc9ae62db.png,png,13528046,602801e833d9399f,9600,5400,1.778,other-candidate
187,a0d4bded88cf974e.png,dist/assets/pptx-media/a0d4bded88cf974e.png,png,841,41b7440e813dc96d,96,96,1.0,icon-candidate
188,a11731bb8bf38b84.png,dist/assets/pptx-media/a11731bb8bf38b84.png,png,1584,a0b2fb5b382839f1,96,96,1.0,icon-candidate
189,a16f29d7442612c7.png,dist/assets/pptx-media/a16f29d7442612c7.png,png,103482,47488ca4d42a866f,1050,312,3.365,logo-candidate
190,a1bf71926a28fc19.jpeg,dist/assets/pptx-media/a1bf71926a28fc19.jpeg,jpeg,200551,cd2d183b287cb719,552,1212,0.455,other-candidate
191,a1c9c5fb4ab505a0.png,dist/assets/pptx-media/a1c9c5fb4ab505a0.png,png,1913,3fc34f94697c6918,96,96,1.0,icon-candidate
192,a2215f724dd5e556.png,dist/assets/pptx-media/a2215f724dd5e556.png,png,31249,9b8c312f1bf1c68b,784,784,1.0,large-icon-or-logo-candidate
193,a26ddb71787f1259.png,dist/assets/pptx-media/a26ddb71787f1259.png,png,1797,9b5a4c45a7392690,96,96,1.0,icon-candidate
194,a35878b6800821b0.png,dist/assets/pptx-media/a35878b6800821b0.png,png,1114,587e9cd7151bc24d,96,96,1.0,icon-candidate
195,a360cbf0c9bf4e39.png,dist/assets/pptx-media/a360cbf0c9bf4e39.png,png,1754,b07d5ae149b282e4,96,96,1.0,icon-candidate
196,a4540d81cce4891e.png,dist/assets/pptx-media/a4540d81cce4891e.png,png,2747,8aeb2c55057d2ff6,96,96,1.0,icon-candidate
197,a4a25724019e3484.png,dist/assets/pptx-media/a4a25724019e3484.png,png,1459,e687313235a5c84a,96,96,1.0,icon-candidate
198,a4c32b0e1e0b41db.png,dist/assets/pptx-media/a4c32b0e1e0b41db.png,png,23331,3975b1eae071b734,664,640,1.038,large-icon-or-logo-candidate
199,a5a1cb8513075ccb.png,dist/assets/pptx-media/a5a1cb8513075ccb.png,png,785,f83d39d74c0a156c,92,23,4.0,icon-candidate
200,a5c6c32b12759806.png,dist/assets/pptx-media/a5c6c32b12759806.png,png,1567,7665b40e51b93d8a,96,96,1.0,icon-candidate
201,a7543037dc0e7a14.png,dist/assets/pptx-media/a7543037dc0e7a14.png,png,1372,ede9b8a12b5579aa,96,96,1.0,icon-candidate
202,a7d93a6b4c77762c.png,dist/assets/pptx-media/a7d93a6b4c77762c.png,png,25166,38520dc15b2a3940,784,788,0.995,large-icon-or-logo-candidate
203,a8a8226737bd1b6e.png,dist/assets/pptx-media/a8a8226737bd1b6e.png,png,1513,8973223bc7c2d7df,96,96,1.0,icon-candidate
204,a94d3c74a8d7b9e7.png,dist/assets/pptx-media/a94d3c74a8d7b9e7.png,png,1655,c19e77431be7073f,96,96,1.0,icon-candidate
205,aabe6e7f8feb1bec.png,dist/assets/pptx-media/aabe6e7f8feb1bec.png,png,2325,99f933511d739ccb,96,96,1.0,icon-candidate
206,ac8915eca1d4b76e.png,dist/assets/pptx-media/ac8915eca1d4b76e.png,png,5487,e16deb13479a406e,498,188,2.649,logo-candidate
207,add8ee3f2e5106c7.png,dist/assets/pptx-media/add8ee3f2e5106c7.png,png,12922,495688bfc75c1156,1061,318,3.336,logo-candidate
208,af985b2a97fbead8.png,dist/assets/pptx-media/af985b2a97fbead8.png,png,3695839,ad1523dc3d377295,11760,4960,2.371,other-candidate
209,b002c8999f649004.png,dist/assets/pptx-media/b002c8999f649004.png,png,32020,9a742e35d92536b3,784,784,1.0,large-icon-or-logo-candidate
210,b0f8d0ec7e7195aa.jpeg,dist/assets/pptx-media/b0f8d0ec7e7195aa.jpeg,jpeg,130285,ddfe2ad393a2306d,1280,853,1.501,other-candidate
211,b215d7e496a08eed.png,dist/assets/pptx-media/b215d7e496a08eed.png,png,1178,a1d47b5ad858586e,96,96,1.0,icon-candidate
212,b261e6a7dca84624.png,dist/assets/pptx-media/b261e6a7dca84624.png,png,1860,757291af776275e8,96,96,1.0,icon-candidate
213,b275ffc57932a81d.png,dist/assets/pptx-media/b275ffc57932a81d.png,png,34781,6f540bce98f7caff,784,784,1.0,large-icon-or-logo-candidate
214,b472c9001ec3c7ba.png,dist/assets/pptx-media/b472c9001ec3c7ba.png,png,148979,06739b4a12d2da16,371,371,1.0,large-icon-or-logo-candidate
215,b4906f8983e9cecf.png,dist/assets/pptx-media/b4906f8983e9cecf.png,png,10448,5fc34b768e171bb2,1955,1360,1.438,other-candidate
216,b514c5a6da6a3836.png,dist/assets/pptx-media/b514c5a6da6a3836.png,png,152416,96e770ded0dbe5e9,371,371,1.0,large-icon-or-logo-candidate
217,b7b42851f262ec9e.png,dist/assets/pptx-media/b7b42851f262ec9e.png,png,81354,6a23b38d22570e2e,1500,1500,1.0,other-candidate
218,b8798958dab08e18.png,dist/assets/pptx-media/b8798958dab08e18.png,png,52855,02026da02dcda90e,1437,808,1.778,other-candidate
219,b92e6560f73efe4e.png,dist/assets/pptx-media/b92e6560f73efe4e.png,png,1347,dec942d1a23742c9,96,96,1.0,icon-candidate
220,b972ab53e095fe13.png,dist/assets/pptx-media/b972ab53e095fe13.png,png,70373,5518dbad5803d211,2202,691,3.187,logo-candidate
221,b9c3169c32b18e71.png,dist/assets/pptx-media/b9c3169c32b18e71.png,png,890,538c91c39b441c6a,96,96,1.0,icon-candidate
222,ba1be3d39bce7b5e.png,dist/assets/pptx-media/ba1be3d39bce7b5e.png,png,2333,40a93781aaab9888,96,96,1.0,icon-candidate
223,bc6a8b51bd6c0215.png,dist/assets/pptx-media/bc6a8b51bd6c0215.png,png,2269,332eeef9f1c77666,96,96,1.0,icon-candidate
224,bc6d0cecfe422fb7.png,dist/assets/pptx-media/bc6d0cecfe422fb7.png,png,1531,d2463c6012d2e081,96,96,1.0,icon-candidate
225,bd71f9c4bf3cc425.png,dist/assets/pptx-media/bd71f9c4bf3cc425.png,png,2121,67a428164e4927f7,96,96,1.0,icon-candidate
226,be428d6fa45b6bfe.png,dist/assets/pptx-media/be428d6fa45b6bfe.png,png,1264,33a8d2a46b82ccfc,96,96,1.0,icon-candidate
227,be8695dcb6bf4536.png,dist/assets/pptx-media/be8695dcb6bf4536.png,png,32112,b0ff633ba6802bba,784,784,1.0,large-icon-or-logo-candidate
228,bf0d486a2f2f144a.png,dist/assets/pptx-media/bf0d486a2f2f144a.png,png,14612,b6ea59cb2978d8a3,1034,326,3.172,logo-candidate
229,bfef7fcec9c3efeb.jpeg,dist/assets/pptx-media/bfef7fcec9c3efeb.jpeg,jpeg,240608,47168e2fe65caf76,600,667,0.9,large-icon-or-logo-candidate
230,c01e4ac0dff96592.png,dist/assets/pptx-media/c01e4ac0dff96592.png,png,1165,e41980863c9a548d,96,96,1.0,icon-candidate
231,c068661d22e1b310.png,dist/assets/pptx-media/c068661d22e1b310.png,png,133868,08483bc6d6bd46f0,371,371,1.0,large-icon-or-logo-candidate
232,c2e9a240923e7d86.png,dist/assets/pptx-media/c2e9a240923e7d86.png,png,1665,05644b45731bfd3f,96,96,1.0,icon-candidate
233,c52c7954cfd05608.png,dist/assets/pptx-media/c52c7954cfd05608.png,png,1705,94e7be5e541892e4,96,96,1.0,icon-candidate
234,c537c1f1d108908d.png,dist/assets/pptx-media/c537c1f1d108908d.png,png,27262,3384e996d5f7dc16,680,684,0.994,large-icon-or-logo-candidate
235,c56260bde525697f.png,dist/assets/pptx-media/c56260bde525697f.png,png,1722,36853aa9c5d48b01,96,96,1.0,icon-candidate
236,c62aa96c25032012.png,dist/assets/pptx-media/c62aa96c25032012.png,png,1207,7d0be2e6d6c6918b,96,96,1.0,icon-candidate
237,c66f4d48760bfe0b.png,dist/assets/pptx-media/c66f4d48760bfe0b.png,png,1707,46af661eee57e0a1,96,96,1.0,icon-candidate
238,c79530d42bdf7e25.png,dist/assets/pptx-media/c79530d42bdf7e25.png,png,7718,7ac3f4dbafbfc2a8,582,183,3.18,logo-candidate
239,c84e950fb4330f5b.png,dist/assets/pptx-media/c84e950fb4330f5b.png,png,17636,571a708935fadc27,1404,418,3.359,logo-candidate
240,c99b47f042524ca6.png,dist/assets/pptx-media/c99b47f042524ca6.png,png,2126,4f0e8c6e018519d7,96,96,1.0,icon-candidate
241,cb79a2461ba7e11c.png,dist/assets/pptx-media/cb79a2461ba7e11c.png,png,188253,14674c2371ecbf5a,4314,3782,1.141,other-candidate
242,cc25d5ae3f749683.png,dist/assets/pptx-media/cc25d5ae3f749683.png,png,2083,5359698c62cd2d0d,96,96,1.0,icon-candidate
243,cc6c8846edc9c189.png,dist/assets/pptx-media/cc6c8846edc9c189.png,png,990,0bbd092daec964e8,96,96,1.0,icon-candidate
244,cd69f7f30e01daeb.png,dist/assets/pptx-media/cd69f7f30e01daeb.png,png,1525,372e02ebaa125bf9,96,96,1.0,icon-candidate
245,cf4299f82972c2b0.png,dist/assets/pptx-media/cf4299f82972c2b0.png,png,1899,6e266859fdabbf76,96,96,1.0,icon-candidate
246,d0432830da6feb79.png,dist/assets/pptx-media/d0432830da6feb79.png,png,1685,5c521a3639bb6eb4,96,96,1.0,icon-candidate
247,d1341ad3939e1248.png,dist/assets/pptx-media/d1341ad3939e1248.png,png,1261,d4627cd5c142bd9a,96,96,1.0,icon-candidate
248,d13ea668c3d3a608.png,dist/assets/pptx-media/d13ea668c3d3a608.png,png,1707,117e89dff6b3e2e2,96,96,1.0,icon-candidate
249,d2a1101762b7aa3a.png,dist/assets/pptx-media/d2a1101762b7aa3a.png,png,19805,986fb5e9d33f5ff2,1425,418,3.409,logo-candidate
250,d2ed5cd47e00bcf2.png,dist/assets/pptx-media/d2ed5cd47e00bcf2.png,png,107532,37ceb6ab2e896a78,6036,1872,3.224,other-candidate
251,d3456ffa1c942dc8.png,dist/assets/pptx-media/d3456ffa1c942dc8.png,png,148050,b1773c1ffab17e92,10475,1185,8.84,other-candidate
252,d6589325e30cc912.png,dist/assets/pptx-media/d6589325e30cc912.png,png,36302,0d158da2373a7c84,2185,689,3.171,logo-candidate
253,d6ef9c0153913d4d.png,dist/assets/pptx-media/d6ef9c0153913d4d.png,png,12371,37ecfef94c89b02a,1061,318,3.336,logo-candidate
254,d7a1a3a3b463d4b6.png,dist/assets/pptx-media/d7a1a3a3b463d4b6.png,png,45757,c0a65fa7efa6652d,784,788,0.995,large-icon-or-logo-candidate
255,d8617b18f7fe3922.png,dist/assets/pptx-media/d8617b18f7fe3922.png,png,1132182,3e75fc4bc8ae733c,1670,1746,0.956,other-candidate
256,d878c7867c7b9e88.png,dist/assets/pptx-media/d878c7867c7b9e88.png,png,20934,18a4b5877af1ef48,736,600,1.227,large-icon-or-logo-candidate
257,da12fbd32e88ac66.jpeg,dist/assets/pptx-media/da12fbd32e88ac66.jpeg,jpeg,92124,ca7903c81481ba8b,1454,774,1.879,other-candidate
258,da79e7dc06db0901.png,dist/assets/pptx-media/da79e7dc06db0901.png,png,53443,be229969ec0a2934,1709,417,4.098,logo-candidate
259,db50fdf4a864220d.png,dist/assets/pptx-media/db50fdf4a864220d.png,png,111038,88780c97aabb9e5b,1000,500,2.0,other-candidate
260,db530e9b2022142b.png,dist/assets/pptx-media/db530e9b2022142b.png,png,946,67a7671de2e53244,96,96,1.0,icon-candidate
261,dbf4c9262b825388.png,dist/assets/pptx-media/dbf4c9262b825388.png,png,2095,e9debbf54fd5b9a6,96,96,1.0,icon-candidate
262,dc0ced06675d1797.png,dist/assets/pptx-media/dc0ced06675d1797.png,png,137362,ceb9f8e8c1a68388,371,371,1.0,large-icon-or-logo-candidate
263,dd8813686c79649d.png,dist/assets/pptx-media/dd8813686c79649d.png,png,28533,f84f91bd64d1986d,788,788,1.0,large-icon-or-logo-candidate
264,df67549ffd3e2be9.png,dist/assets/pptx-media/df67549ffd3e2be9.png,png,6527,589597de4ef92a25,539,188,2.867,logo-candidate
265,dfd9487073435ec9.png,dist/assets/pptx-media/dfd9487073435ec9.png,png,95394,b85a8165fdb9e1f8,2951,543,5.435,logo-candidate
266,e04936988e3ce7e5.png,dist/assets/pptx-media/e04936988e3ce7e5.png,png,43914,3770cfc47002c14b,788,788,1.0,large-icon-or-logo-candidate
267,e24ba0f3b74c6ec6.png,dist/assets/pptx-media/e24ba0f3b74c6ec6.png,png,135542,ef0eb9046bb23bac,371,371,1.0,large-icon-or-logo-candidate
268,e2cc3c0d5dc3155d.png,dist/assets/pptx-media/e2cc3c0d5dc3155d.png,png,225728,467d359ff5780b6e,960,540,1.778,other-candidate
269,e31c46b1b4868c10.png,dist/assets/pptx-media/e31c46b1b4868c10.png,png,2020,17aa187e666c533d,96,96,1.0,icon-candidate
270,e54651be3b930869.png,dist/assets/pptx-media/e54651be3b930869.png,png,1218,4c0300aa67e0330a,96,96,1.0,icon-candidate
271,e6b1304700eed38d.png,dist/assets/pptx-media/e6b1304700eed38d.png,png,1684,41e0077a49f8ed13,96,96,1.0,icon-candidate
272,e91c0c8f0f0e01ca.png,dist/assets/pptx-media/e91c0c8f0f0e01ca.png,png,6735991,eb38defac9cf606c,8280,2880,2.875,other-candidate
273,e95eafae2f279bb8.png,dist/assets/pptx-media/e95eafae2f279bb8.png,png,27829,ba9473756a4b14e8,2142,418,5.124,logo-candidate
274,ea73d0a4b3f5ad9e.png,dist/assets/pptx-media/ea73d0a4b3f5ad9e.png,png,1131,1ebb63c0375f2e93,96,96,1.0,icon-candidate
275,efd08a8c0a333f1f.png,dist/assets/pptx-media/efd08a8c0a333f1f.png,png,118012,6931c30f44f0ee48,3024,417,7.252,logo-candidate
276,f036c268f4df72b6.png,dist/assets/pptx-media/f036c268f4df72b6.png,png,1633,0c6cb756ec0cdc3e,96,96,1.0,icon-candidate
277,f10520cf6eff41a0.png,dist/assets/pptx-media/f10520cf6eff41a0.png,png,1752,bd6510ef350ac753,96,96,1.0,icon-candidate
278,f149639a17f83ac5.png,dist/assets/pptx-media/f149639a17f83ac5.png,png,1484,bc98fb505303ccfb,96,96,1.0,icon-candidate
279,f15d62bc63903cd1.png,dist/assets/pptx-media/f15d62bc63903cd1.png,png,83309,3932943490b2e9d6,2208,1724,1.281,other-candidate
280,f1c5234a10c60691.png,dist/assets/pptx-media/f1c5234a10c60691.png,png,2882,e8fd763f6f9b6e73,96,96,1.0,icon-candidate
281,f1cc2419640a2e24.png,dist/assets/pptx-media/f1cc2419640a2e24.png,png,2078,4bd0dbd46d00f52e,96,96,1.0,icon-candidate
282,f1d7eaf936ed47e3.png,dist/assets/pptx-media/f1d7eaf936ed47e3.png,png,1774,6d249c9ada5c7f11,96,96,1.0,icon-candidate
283,f2eee9a72061d1bf.png,dist/assets/pptx-media/f2eee9a72061d1bf.png,png,4973,e6bc3899b0274f69,96,97,0.99,icon-candidate
284,f3d01182424ad03c.png,dist/assets/pptx-media/f3d01182424ad03c.png,png,24996,d279bdbf497d129a,1440,417,3.453,logo-candidate
285,f5a1f018b39db7cf.png,dist/assets/pptx-media/f5a1f018b39db7cf.png,png,1000,16c8475a3b794771,67,26,2.577,icon-candidate
286,f5c863fda4723f28.png,dist/assets/pptx-media/f5c863fda4723f28.png,png,5674413,15978737ec14c061,2276,1186,1.919,other-candidate
287,f673a41a0c530fab.png,dist/assets/pptx-media/f673a41a0c530fab.png,png,4617331,3844fdc357f2995f,3049,2454,1.242,other-candidate
288,f7d51b9aaad1162a.png,dist/assets/pptx-media/f7d51b9aaad1162a.png,png,576355,c238e1292c241bd9,583,731,0.798,large-icon-or-logo-candidate
289,f86cd25986881291.png,dist/assets/pptx-media/f86cd25986881291.png,png,26071,4fb29f9251228942,2041,418,4.883,logo-candidate
290,f8c54e3abd30b1b1.png,dist/assets/pptx-media/f8c54e3abd30b1b1.png,png,1708,929dc1d011d0ca03,96,96,1.0,icon-candidate
291,f8d245ed6167b0d8.png,dist/assets/pptx-media/f8d245ed6167b0d8.png,png,541139,1aa79100a9cb4217,2144,1684,1.273,other-candidate
292,fadd92cee4d27fa3.png,dist/assets/pptx-media/fadd92cee4d27fa3.png,png,1515,745fc5902260c777,96,96,1.0,icon-candidate
293,fb2664faf480b23e.png,dist/assets/pptx-media/fb2664faf480b23e.png,png,22815,a66f2bb9bd341e7c,2196,392,5.602,logo-candidate
294,fc28c003b91367ee.png,dist/assets/pptx-media/fc28c003b91367ee.png,png,1801,3f87e7c3bba15b6d,96,96,1.0,icon-candidate
295,fd0cdb640750c21a.png,dist/assets/pptx-media/fd0cdb640750c21a.png,png,1525,07511425edc5b3ad,96,96,1.0,icon-candidate
296,fd1c5e2c612d80c2.png,dist/assets/pptx-media/fd1c5e2c612d80c2.png,png,1930640,6f083e685690e55d,1239,872,1.421,other-candidate
297,fda00381edcabad5.png,dist/assets/pptx-media/fda00381edcabad5.png,png,1207,8053bd064cca7725,96,96,1.0,icon-candidate
298,fe0be4b4d6325923.png,dist/assets/pptx-media/fe0be4b4d6325923.png,png,5134631,fa9a4e283d2a5656,4401,1530,2.876,other-candidate
299,ff72104dbd4a73a6.png,dist/assets/pptx-media/ff72104dbd4a73a6.png,png,10691474,c005cf80fb97fde1,5760,3240,1.778,other-candidate
